passenger_key,age,gender,date_of_birth
5b4b3a078215e95677be21262c49154597fb39861528ba23716481850e52134a,52,F,1974-04-08
d441f7735d58781642b62233c5d6137ee6bdd36b0feb8869a98b9ce0b449a871,15,M,2011-03-07
292d8dd8cc711ef9383f7d293f4962dc9a62db8a2ee7b078edf3ccaf16150ea1,72,M,1954-09-10
a680c780c57523c4b3fd0df3b068d1fe12f31566a77e5de54defeb03984ed0b0,61,F,1965-03-12
41b3c7e3241cd67ff752b937afbb874d8dd68d600ba13ae172ca63fbb8dc50e7,21,M,2005-11-11
1ba00c140fc77c6aea04068a4574906a372275446a4b7e8a1f1a84373f3843b5,83,M,1943-03-09
49bb6da47d7a25b60b28f17c3cf7350e3d0dc1b879e235900e6a6a4f5a426a66,87,M,1939-02-25
9c90c1f09d9a10e2d6b49381cdeb245823f2ab928a6412f8e0767efb6b3299ff,75,M,1951-11-24
ece6407dd75e3490a48210b9f8d366c06eb6258b988127115ac289ce31fff5ce,75,M,1951-11-10
1a564551b3b9e631bb214cc7f4979a014e103577ced13e2a6433430c32a1cb6b,88,M,1938-04-02
c35737845a1540097ad6e41f71cb042d04be88f96b83e01695a81762706aff1e,24,M,2002-04-18
c075a3d93cc3cc26c4c9ae2796f41d59b9c0596279f4be748604bbdf33fdea0a,3,M,2023-04-19
cbcf6d9ae9427ad45ede1be55f0fd0e1cca47eedd7c1b21d4c23080d6e306096,22,M,2004-03-24
6b113d8b1a85ba5eb8b61b1d70225f343b4bd35b4df6094a8a7cfba8db80daed,53,M,1973-01-13
875c1544f14db8d7a8e35e25a29a248436790d13a879651ea1c3c89f0bf61d1b,2,F,2024-09-04
f40f2a3a4d5194f711459d19a504a8e5ee88d45ecca326082187b9d8ffc428b6,88,F,1938-05-26
6f8d9595d1ed30e0958e498ec9aca6178b665f19d8cf112d05b12eda5eb56d30,30,M,1996-01-19
37667d6ab745b93c9e9f154563d672d1f1e9175a03cf1a98c18a43969f0c5848,38,F,1988-10-02
8aed25047aa31018ae004de03ed67acf6ef808d5adc9381db86ca6d41799132d,2,F,2024-08-11
e27015679f0a215bd18efacdcf25813280a4b1849a2caa9c1c714baad92f1b69,64,M,1962-06-10
92b9f124e1a6b050d0707da59d0f27fe41038efc0be94bc4650e26f0a4252653,60,M,1966-12-18
63f2d713c796f64f232b847cab1edb03f426d4de3f255d7812184e9401c8d026,21,M,2005-01-01
7e3571f58b4ad804af670d9e1c070467c7771e60082501e25dc3c19b719f78fd,33,F,1993-06-19
8c8149d3098e7d2157431eec3f03418acd0236e4da0f325bedf8152461440f9b,76,F,1950-10-24
01e297ec6c21903912a96da1554f79bf7d1461df2ac841d7d8dc919febe99dee,58,M,1968-08-08
4d7a3dc51aeb1dbe31e5c9ec6503526e50b86622d619666d789d29818e39803e,22,M,2004-07-22
1cb0030d74d6972957cd7728fb31c1113563836e0481c9e0107e1a58d1e8b941,89,M,1937-10-17
02bacf41f49c5b3f1e181ce553467614d04f7f178e3bdd4745290f3e6bf65b0a,49,F,1977-10-11
d39c37b3ada0aaba3d9323d2267dd32cb343c130e51ac2dd166cc27787d4d537,59,F,1967-10-10
36039d50389a4e563f85f38e7754fd5120d253290de3aeadeab5298707deef42,42,F,1984-12-06
d930a43b2752be3879a93e109d92f631747cf3321f9e9d8ea3c32941cffe632f,60,F,1966-10-28
e8816d03d7ecfbbf63f740fb08448abadaf42a2a62442631c57e8f761e711039,80,M,1946-12-17
977319bb3f76437987c9e3a5ceb4e96fbc906364071d3dbbdf7669740a20dcbd,15,M,2011-07-27
e3bbd3f337e66536296de1571698bc64fd10894777f84f725069e1012929ff76,62,M,1964-04-09
7e516c61cfb389d59e8642c01a7de2feebd74ce90b270c6bb21ce77d2185e313,62,M,1964-08-14
b5394bc21f7e3e244003837bb959f8f1fa2f28b37d35fe2ce821a6724d6fcfe8,47,F,1979-09-01
71a30941bf0c1d6a93d5ff7de4e60d32f2d91d10b14a3e2668a5370110a75028,62,F,1964-07-09
83fb47cf5687253f04530e50abff4714200b9c221a43782adf3d02f130f913be,51,M,1975-01-20
80a53d0a98ccdcd4e8920ab98d3ad90348525f364b40015c46814f2b254a3f4b,55,M,1971-05-04
dca773c6a5e5d4ffb7f406f3836ae409b44596d187210b3a11b656e8ec9691b6,64,F,1962-01-12
4ae884d4d477666d97c3c40b50b03ad9aa0259fc854065d1b3a1cc06ca1e16af,3,M,2023-07-06
9adae57382bb3df9366fd605163ac2c2f9d14fe2f291c20445cc38225a140245,51,F,1975-08-19
c828583f7d1a6048d4a9ce35c680a155ad8df048610b79deea0e68e99023f9c0,7,M,2019-09-01
e24617487f2af60d63f5f0cd795dd6fedf08f9da131baeb5e975fd8a4f7cff7b,21,M,2005-07-23
1fe87e78a57d2f06884425ad30615eb90380b3305d12521055f7674a9b1d3fe2,73,M,1953-05-09
4fa4db7e4db3817bf07ff338d9eeb4411cbbe9040aced66ad496e6594fe06e9c,39,M,1987-05-04
b87d36a0463a33f0baa71866f30c2f5ce8068fd5e26fd7e3254d0e520c5c63b2,18,M,2008-11-28
26a62e5195c20f02fb5aa7cf88348fa12a6f24718ed311ccdc57885a9e2db1db,4,M,2022-07-16
8c58a24c28c3d49f4ac6d21f091baa49050f3758f047016d2d4eceb351457d9f,89,M,1937-09-13
96042d1984e487c11c0756ffcd6e89e6ed79b7e987acc2ebca0edad2feeda100,60,F,1966-03-08
651580d369a850ef3a6c6cde106fb21347aa2cae11886700648e049703b83631,14,F,2012-11-08
b117a117a2fdb6df4eeef59bd2fa6d4789f00059e96f3c20c3882fb0ba8abd09,9,F,2017-05-15
0a915308c6f3416724b34401377d0e3231c3aca35fd7f946b386690f30d0423c,53,F,1973-10-09
19968f369a501dcf4c54d63e3acb0cd1be03e616f2bf387c49ef7d65d3e7aa76,2,F,2024-10-14
0afcc7c90db834ba199c4d637a30a1109fa1b679fa5f3a87e7682039d007b183,84,M,1942-01-15
a2a2f3429d99966e036e65ccc5192486788534b5f541058a26a3fa4cdc2c6473,60,M,1966-10-25
cd3120eb6942b52062d4883c3009cbba3883d8dbf5ee76bc4ed58b6f5c88d205,71,F,1955-12-06
e3e390bf6bcc6a4b9edaf64f8bdec33f5f74f27f29e375fbd3e4db23d620e969,44,M,1982-08-16
0ace203e0cb58c9cded2bfff5636a31bfd1be362b318db3d884eecae804b903f,8,F,2018-01-10
ae041e66859a874f6edf2ac8cea18eb063b83ddb2ab234c608e7243350bbfcdc,47,F,1979-10-13
e582aa741633a7f2771971fa177f478b0f727772d6d39d1733261875d08a984f,35,M,1991-08-04
e17819d2e40777a155ad35cbe9b2afc837e46881f2b06e0c2956030dbf82849b,78,M,1948-07-11
75e37186e941847641e3c9f191465e379ebd5c2b3fce564341a4369b1c1112d7,81,M,1945-01-11
5cdc4fb01aa7d292a2712ccb091a531d6c6b32a1ad3125cfa64fd7ace5f1cc67,36,F,1990-07-20
d25dca80380c6de27449bc47df3a0438df1f1dec7b019d3e8ce4c82da294880a,50,M,1976-08-12
c42af6a815398267842302e273f2c508fa18c630e9a030667348ac1859182079,4,F,2022-10-10
ccc7e28ec5a8c8d538d292955185713a6602323ac3664a4361e52d2245080119,2,F,2024-11-07
cf9ddb1932a844f09097f27c7dcd03973b3a5b69466879d0159c949c5bc7a91f,6,F,2020-12-14
648690af96ba2a381acdf196876c6c485983cb7444472b91efd3d37c94aebeca,54,M,1972-02-05
b1054526dcc109be13e7c1a04b06df022b866508354f0121f10e1ea738f9db65,4,M,2022-07-27
7bc4a509fb40533bfd5e8c3c16b763b77dec332034dffab54f74884f75ec6da4,54,F,1972-02-05
c1b554f52dd90c8cb6aa4a2aa8e37b12b290a0a4893b8fc0a460843c25f105a3,63,M,1963-12-24
b39e61928b425909e99b0fc789c7b26547b1ae0525eed3342c23fb051ba9699d,18,M,2008-02-22
c2e73c2667a2da4daa4c4e7278931653796cf35c188df2cd68c993c37a1f24ed,44,M,1982-03-26
10d6e33f061361e9f4afa87809d26ba844117268c5c7c58e78e60388f633b4f2,34,F,1992-09-09
20d7ae37f33cbd0a22d2d35c70008a50bcaf9f8cf9628c5f10cffba422d23611,74,F,1952-12-14
9ab15b484948dadeae13ed665e0a335f66cc077fac8be9657cd1556d8df680ac,62,M,1964-12-26
09fd12286ad0881a0a42e90551906286b390dc6218f69a8e8bbc8c2be3c1bba3,14,F,2012-03-03
8af6521f436391a3c5ce25a1e834af98ed6b12215084eb26df6cfb73e40bda7a,48,M,1978-12-04
b1753f3e99cbbc4bcd993bb3c42826fbfd79ba0bfb073aa2865ce608589a9165,15,M,2011-06-05
577ad5e3911d3f6a77fd1b24fb2a5950f98b563a9613f39fba582de70c6e3a19,72,M,1954-11-04
39795c765d0f2268fdaf3bb12acf1fd095c5c399f4d19e79ca7d5e3bdf23a8d4,78,M,1948-04-28
3f47c59b3fcad5f07e4f3567ba19417a996fdef68e54b377951320e1615d4ebc,87,F,1939-11-27
6449dca9721d77287fb2981b9ed9d1ed3ca4ad264adc6e9192669f25d5d1a50d,62,F,1964-02-24
a8363b7d7eaf2516193eb96f64589bfa2be2c82d15cb8ea1f338b473d0c0634c,40,F,1986-03-25
d0b159f4394a58092948774e4ae5768ffaf6a49d6f20c2dc2ccd924930eb873c,85,M,1941-06-14
0e3cc05752bfb6b175da09a8b374a2f2ae8a38addedf1877854f2d8c6673eaed,80,M,1946-04-25
140a150ba57f1cd4e5d2fb4fb282fec3b6db1d57a9df24f79ddc58b1865db1d9,82,M,1944-11-26
c46e9c46590a7d599761c7542ac7f6d3bed03dfa9e446bbaab204e55231157fd,53,F,1973-02-13
06741bd0766c8bc2fd158e867a104027ec0a34fdca32ddb9aab505791076b63d,24,M,2002-07-28
a6b36f7224bcfa21bef2faab38e0cbf8b764d27fbd3ede73fba922d9ea1911a4,26,F,2000-02-05
3b2be963cb2215d597840b08198dcd72e64a2caa57005f7d8eae91393dd50b14,89,F,1937-11-11
2e693356f5e829174705bbb59e0a4ab7ae9655037e345d7afa6cdc46f9964ae0,60,F,1966-01-02
41575988aec8d65ea7bcd2ea8c4dbee327db39cad108c0d1c207e42b7128598e,41,F,1985-06-20
a015a271abae56ea7face7018086bc6466dae73f6fa8fe9d2ed93984d3066eda,29,F,1997-10-06
721aa508a7ef4db6a6c4a74767b8d9397459d6538e1bbd492c9af4cf1d4ee9dc,15,F,2011-05-24
4185b847ffc49b778ea51d480d3282bb2bc7f07edce522c434c78cc9bcfe2fb6,45,M,1981-11-26
e5d58aeed9a2b2390ed4b31e99cdbb4c4459c4ce513f3dfcf86fb2a96e4599f3,65,M,1961-04-08
37e46ea38858eca03a8c2ded5b392af19d67f0ae5dc2503b728c82463e9be946,89,F,1937-03-06
e776f55a09816419aac315d9cdd6fa07e00c1bd98550d998c6696b448f083113,71,F,1955-05-26
dd3e9c4d3539d43d095e9150ef75ff367b6799b2a2f56e727d1c5ecaa7660662,9,M,2017-05-02
3dd14773f7b94454c2f4c736846484c873d102883fe3663be9067b9e085a6f41,88,F,1938-04-27
0a7e8342a941e87f546e455b0fc951896f010c93dd039691dae1345903fa9fc9,1,F,2025-02-27
9c90e444595ca8d44405425766df6f09be9c99f3874c1669ae1b6000901523fa,8,M,2018-10-18
3fce6e2ff9159e70d72535d5250fa0f24359c324d789745b9e5223a69a7466a3,88,F,1938-06-03
85712f4d85e9e7507f67ace15f4d8e5c822be19e475a9db328d2dd2255dbd371,63,F,1963-05-04
4f46962bf23c39a21cdf07910ba30e976505860fc810eabdd9296483d964b277,11,F,2015-07-20
4a5707bb7a288cd25409a99d997a64b67ace2cd419c63e9e44012dd2d8736837,81,M,1945-01-24
db84d7cd166c280b3dfe8ee00b5792635bb7ed40bdc866ee2b2f66151297bcf7,8,M,2018-02-08
20150e26727298def916af472dd7bbd3428c61d323e84954f9d9348656e9c9e2,35,M,1991-10-10
16c7aee839d25c7d2b721710ee83bd81ddb544a6aa0afb7337552feb8eb8f18d,35,F,1991-05-28
07065b72f67d6c71e85f96f4dfac95058739bee7ff49320626a4c55886b086a4,33,F,1993-06-15
d89f0df017ab70ef9a1360ea7a590c1ca57a5e7109ca2b7a2bfe1bf19f72fc2c,5,M,2021-11-03
d7245e50cc9ceadb197432658fcb06badc7cedea7570cd3aecd0401c3806a270,41,F,1985-03-10
40a97379060609bdd452c24adc4b156c1ff770a056631e412a3607999f9ee8f4,28,F,1998-09-03
180f113870cb976d8d2fad5c9764e0f719294a5ba74ec3685d1b5f56b232c007,7,F,2019-05-21
f4acdb655de5b4a0b92e4a51785afb63b467b6caf8849130fd795ea3168039e5,73,F,1953-03-15
19fd3114b7dd0f4881b5d470d0308096202f414d66943dd30b3bff1bee572081,72,F,1954-02-11
d626c6ba48783e63de30ada3a9b7d7b7c24aecb688f732b8f73c11a4e9744a75,12,M,2014-06-19
fc200176612ae198ff91518549e338525d62b1467e19f9d110d641a5f41b4ceb,34,F,1992-04-07
084335d1330d77a535207f0cc68feb7298e28f9780480ccd2e3c8967161c3669,33,M,1993-12-12
9bc27b81915cc96ede1b168d384bddf8c46f9387b3dbea8939e770560bdc0e4b,48,F,1978-09-09
90feb8f0f3dbbc91abffe951b145a98e1a4393a70296ac03b25e005cfedb5aea,23,M,2003-01-02
f0bac09112f30899acaf448c5b662c762a4eefa2c1ad29215efa683ffd3fbaa6,62,F,1964-07-20
f8cdd1f64e3db6d7220b3dccc384356f36b0c97fde35f6c81cb7ccb76e9a2f31,88,M,1938-05-26
44efa6c1ad0c39b2c26ce4ec966822d12dd191ec036e44784a9f16f4f2ae0b8f,37,F,1989-01-19
09ef429614bd124a3b6e6143ad1d623a02a1db6c9ba7ace4b48aa971b37ddec1,44,M,1982-09-07
399425f9466edfa53018714ed9e4eea9462734387e5fcdbec67ef5f500cc8d76,86,F,1940-08-07
30bfdc8d1d1d2f28ec5826ea2b0ce05233663c3ece7e284045fcbfaeea663300,35,M,1991-02-19
3c30b2d6f533eaa0bdccadbdd9bd4f1ae2778368b82f487ef03866571eb76dc2,65,F,1961-09-09
17e582570535b3bda460f20fd09278fcdc1f438df175c6d0fc90f0277097b11a,47,M,1979-06-23
d088ea1a56494327dc20da9e717d67c6fca24b1a913395afd5539f6395b50816,78,M,1948-02-21
7c16ef15b55fca280afb7bf6c71ef58e183e12694aa2d3fabacd62943d5cd84f,3,F,2023-10-20
0f784db0bef5238be3a8f8f3c58b7a9114f502e4df3676d81457b9f42f92b9e3,1,F,2025-12-15
a18bc43937516d92b2ed50844d1d71410fac76eb63f962ee242ef2d0eae4aac1,5,M,2021-11-04
92478ca11a38c672abef51f54001a2dd775b6dc76b0c2645f5704eaae84a9454,14,F,2012-01-09
4219b18b3be87e2a401af9d424b14a97395cd971ccf69033f45242ce2329bb8e,27,M,1999-04-05
2e7867dc8c923c2d9144156c4bba06016513090ba8e61770335f541ea8bda17c,9,M,2017-09-23
e76badb0c4689d136952bf29340e5e3b74c384b00e3d9394a1b454837d765f32,79,M,1947-02-22
3fd3a9f76d90b4cf198b8c653c4e0bcc6133bde0655098215af9856d44e4e9e9,15,F,2011-11-26
9384466230d99521197fbefb0b61d92519d788d4253a5ce56dcc4521e9802c12,42,M,1984-08-02
3e7804b5b14cb17817b43df8377b23951c76bf8042b7dae135eeaeeca1d1a357,77,M,1949-06-05
bfb08f173418348d4d9f86d112fde096746e0a0a2b7287e42213d4652af098fc,51,F,1975-06-19
580f7f360aaea6c8493532e826db2e425ec57824e7dd02aa10d82a6582540717,63,F,1963-09-16
010fa7b0fa9483d570281dc1dad42636acc6a7c5590d8f89ff4769b3d14c1fab,52,F,1974-04-10
da3cf9c186114f61c627bb12393cd4065f3661d77e1439716861b94824bc961b,4,F,2022-08-28
2458a1dfa36693bf1ec68da1c62210fb37c3c62f49ae3f294fbd3019cec5dacf,23,M,2003-08-07
fb1a797a263a91c2c57b2597b3a3cc6ab7cfa4248f4bec0bfa2264a5f1896867,15,M,2011-07-15
07f97ab648e1cdee43c0309621fff3ec1c4e60f371ce48cc20d878991489faed,43,M,1983-01-19
6704ab58c536ba66f8fb3215d1d5542e63c9362e7cc21900ba79d8253cbe4fd5,29,M,1997-04-16
495305b9623e72ae22bb25b66b6877b692fdd273d56535aed07a2ff9bfe2da83,36,F,1990-09-02
ee391402985221ea674ce0b3478376ce8bf43d2a1b10034e03c23c0cd863c0ee,13,M,2013-10-21
ba650324829082350a84ab6a9ba66d284fee5643b015d9d113dd01149b616710,32,M,1994-01-17
30e0fec46a9da0951152d683366b5d0619105b0ffc763d5f52ad01c0ae23fd16,71,F,1955-06-13
7163f5945ef4db2453abc73ca418d41488edd369da7eb645dc0a4a392626f4f6,59,M,1967-12-06
61e9a07296b79d6cdc0762cd81e4b8fefc55413d19c7ef6b6e7e6415e9b25fec,86,M,1940-11-09
9fa69380b2a8cadbafc23e91f6dc44e504e1757d90fbaf3d11852bd1e6c1d187,28,M,1998-07-22
2f5adb503fe8b5209867a5b188300b89f281cb24aa35864cd72e77248a62114e,66,M,1960-10-13
953da170d674ef52a3fa5808745602e78b58200cf2234a2caafc954a282f790b,42,M,1984-10-10
63334d6fb9268df951e18e5ebad673ab4f3ee9ef2c9cb29a1d0ea4049679d352,45,M,1981-06-25
61499de9a057d041ffad5f30fb8a8071612979467575fef6ab12f0b1f6d2dabe,62,F,1964-09-03
84073b4c6130bfde40f19191889ad0e3a91ac7f69be5be30bf9054d55d71ccf5,57,F,1969-03-09
bcbb1544907b08d762013bdda2da97a17b97754f2b5e4d8284c9c7440532bca0,6,M,2020-12-21
5e72243443ea375f2a3cff8500126c9b3c474982eb9bfa1ad2d341c6fc78a5ce,28,M,1998-11-20
bf9d127148e0884ddf05add93c984d5446b9c49efa73891ac67870f527c1b50a,28,F,1998-07-09
e54ee32533589852ce9d91cd7e0270e04341eda8647daf35038209ced2c4cb0c,44,M,1982-07-22
4615f74cf6fcceb53b0ba5bf5529e8ab4b9c25f3a2abf759fa18f2e0e70072eb,84,M,1942-09-17
728de038b557bace2331dfe66e8f73a7c4a59acde021607af0f667f3d1e0dc3d,30,M,1996-06-26
f80c88b42db4965170c702de8cacbf3f36e59cc3bd465542a2185429230f8417,62,F,1964-08-25
a740ba066af6e9594c09524d80c719cfcca7a385196ded674cf3e4e08a03167a,75,M,1951-04-17
890a82b6a08f3aef2d0e2c9da0812d4e6a7c309cb64f5a1041cf5f0899b64219,89,F,1937-12-08
8a36041c0e0a913ff3c6e26532fbfb64b53fc44b30b52f4a32f428a79e3ed2c7,62,M,1964-12-20
a656843990596d684283c57867b4d79f847e210aa482bf59a93adcc86f449723,1,F,2025-06-07
5cd7d26220b4c86827e93cc497d2f61a6e7ae4fa6ba7840d544f1e78268b9326,27,F,1999-10-06
f87aa16bfa2d1e8f5631cbce7c2f9ec7b0b2236e226c518f0c1287192b3f1ca7,62,M,1964-10-05
59deb44302c4edf047e2c17220c032d4fdf0b321ee9d9f4d332da6bc4f9e8cbc,77,F,1949-10-02
0b2121cf39ff6138606ceb87f479e20099477f1ad3238919eea63862b541d819,3,M,2023-02-19
af69b7bd90164380b285302f1d91b4327beca5f036dca5e8f9b71f9930d483cf,70,F,1956-10-04
228c0795848b6e7a6883bb47c183ea99b647e6231226a3f59bc9515d0b1f2430,72,M,1954-02-15
0e83085b2d90529bec2f56b0efcdb0c305ae7769ec852090c6d96471fcaca6bb,27,M,1999-04-05
9f8f441275f18d81e2e78dbd8e2a366596d6351dacc7f64584573b84aeebae37,9,F,2017-12-09
e212e06e5790a1040503d9c384112c5d16672c758f6c3355fdf9d657cc20d009,62,M,1964-08-09
344d5d89c6610cf49d26dae7f97e9640602620fcec715886c849e931eae8cb3c,37,M,1989-03-15
ab40df499236d044d44a2332dd7118212763d6fb11f43ebbf29623ec69f1cc31,51,F,1975-07-21
f3a8a4d8cb2617dbc3a0ef657a635426068fc5bc2637e942a28c6ab42469887f,44,M,1982-01-23
140ae7d03234a698f547ca9940d0b7cab8a86c6ce437045c01816cce3278eb06,24,M,2002-07-25
bbfd4d82bdadbf723acd2f526c28550496ef53b80f3754e02657e90fb77a0ecd,79,F,1947-04-03
987f31d599db55748dc5ac03877cf4dbe02a7ea9a90fc587322ebca7f3541073,59,F,1967-10-20
f620a4b69d9912aeb28200b13d82b81865f947823da1114bb9894f609bc5947f,32,M,1994-07-04
775f1f37e6eef8f112a9e6914a8c77ac3f662a29fddf90c6588b709ce74bb209,88,M,1938-11-06
5de361efed506f4e3490cf77006b5f07a04a2c26b9ee674ec6d6f9eadf536c88,52,F,1974-07-23
6ea507cac814726877c7c6be9783e061b06526463218cd68608075d5c598d381,62,F,1964-06-13
1dff1c16c0afcec77e6fa5b88c85a14d03cd6c457c9617eb757d0f509c00835e,58,M,1968-11-24
4239f783e826d2810900d3d3da214cb5764ce01a02024d11fec52bcbfb9098c7,52,F,1974-12-04
e0601447750f45569bde5cda0bd7717f2a815703cbaa278494b2cd9996fcbe30,12,M,2014-08-28
80b03cdc07ff4b2f9c8f42532c04974656a8c883f831d2460ef2a62c5a939ffb,39,M,1987-08-12
581b409ada46157d12b4f82b00279b02c2dccce29f57f388cd3e5229d30b36c4,2,M,2024-02-17
c4afe5bb89e4ca677cc4701a5fa13f223d3864b0a8cda7744d9b0515c9533ff1,3,M,2023-06-07
16668d356c9bae79dd673d114dc839031f9d38525b500ceca52c7fa9d89b333d,56,M,1970-01-08
fa9c870b3a0334f2e0474f1946ec74a9fec7ef55fa8e63bea8b903bec0bbe72b,81,F,1945-03-23
16a499bd88bf8a66330e4f13abbd140ac7b79375e5bb71ad7edcd913177cbcf7,59,F,1967-10-19
d5647be1e1c7203e676077f05ee1de518ccf542e693cd6f90646399b7410fdd6,2,F,2024-04-05
63ea8af41aff8f19518e8a6ed515384a3e998ee1d6121ed701adc641b0e0c8dd,2,F,2024-08-09
8bca367967fbb829ca70fbaf351af7eb94b876156429d03b75289b69b838fbb9,54,M,1972-11-10
a38c8e8e2fcf1fae59cb49260ebec5cc644fbfda1c18f66b91289f783d914535,87,M,1939-04-05
13f691ba86f21fb414d9286b82936dc7321cbacadbb085c0034de65f4b317238,1,M,2025-02-02
87e3033affbf907e44231a6be4a04fc0c5b905b79fedcbde396d9ef97776ee04,19,M,2007-05-15
c74b831cbc64c9672fbf34caa96f18cae13418796020735a5556bdc232df8c5c,2,F,2024-03-14
35d24dccf0cf566dc371a45707040e2d9bac802f1e4485a954ad678f7ce45a29,53,M,1973-05-06
c993272fa049a2d440ea652372f625c108dcf0e45f4973ff266ab4591aa9dcf3,44,M,1982-11-08
dd89072a6d400f0dac0f79d37a72cb63eb73677c86d8b3642db924095328e1ad,32,F,1994-12-23
0c86047beef367b791b6da6bc94b3772cb6f613c2a4cc6b276180aeea9d4b35e,70,F,1956-01-17
cf65ed28ce01282007a4f4a5a36b9f9ed27024e455a0463e5023a065816554ff,32,F,1994-09-28
a5cb9f46bfaa2aca7e4a058d4c0363b948a5f4d79e4fcb47e4b2b6e39f6bb0c7,68,F,1958-12-18
b14f459679d3dcf7cd2dd9f0b349c30b33d5d39c436086c5d738d61ff4d1551f,55,M,1971-03-20
8147c618c0da90817c143d62b40326cc3a0e60c22f007b0d5fe9ab6142c49e90,75,M,1951-08-01
5804bad5f4d802f7138664b50317591f2993eac76a260a8106c0fa2a4d74b21d,56,F,1970-07-12
1ef69c56667c55a8c3f292d3e0f8e42e4b2d4fe6f5067f8e0850bb0b6f11ad5c,17,M,2009-03-02
364b141eb4ac242641d18c1530ff493cb34d8561fef477113dda66e39af46f35,38,M,1988-09-27
230d3ceee13f129a1908c5f8c0e96dd15631bbfb5808923193e2a94bd951e5b8,24,M,2002-11-10
e0549577f0fd0268238cfbc14508a9ca182ef00e19a58b5df9795b1e1973319c,69,F,1957-03-15
fa679f8c1ff11f2621912069aa26e794e1ec4372fffaec3795668aec6b1afb21,70,M,1956-10-08
59d87c96e1e63870f5f43a136ce29d345a23a367fd6967143c5847e6a0cb0caf,86,F,1940-10-17
68917968728b4182b9e2271c8e23e6eea890cc020459de22b253b5466b811a36,11,M,2015-10-09
9d6540e2bd71f645b38708f6cc80a3fea83748834fd0ff42bba6f6a86c523efa,16,M,2010-07-04
d0d4959312ec6282aef891f386a83216e1b358cc8cc62146c2ec6679476402cc,73,M,1953-07-21
507e79a79698889598307c42ead137da078907eba9a0643d5a36f3f8b8f9ab24,59,F,1967-12-16
87e9d02792784968a8d1c0f594e8272c98d7cf4c4415d95022225a2d6a358a09,70,M,1956-12-14
e244c05f72fe069c7420c78c86dcb12a792638510be262f8dc36958e33ca7746,80,F,1946-07-05
23bd4144c0f8b707f02e62e67fe8f0f5d54ccf769783fe3be4c1d43ab0c1fe8d,3,F,2023-09-13
3afa5fb1beefff3d18b77595e48f448707ff75bc6d3b4602a7ef842183813661,20,F,2006-12-27
5ed41a21c0dbae46b9650c078b6b9c7fa023a3670bca082e104f5ee0866b6104,59,M,1967-11-01
cd769bca7f0d6d85ffcd736970ec67dd7355213d73a9ef941b2b1279643d771f,36,M,1990-05-07
2031bce13d7599e82fbd93a30ac8bc464fc6686c334d0a2ad38c59f3ee6fc2f5,19,M,2007-05-22
74340e28d64cefd91438c4c2ecdb4c6e6e125c7fbbb987ae927d245f157291d1,67,M,1959-07-22
664f18ed7d062e75d85733706fd65dd94c16709d67beaf63116275ce93c2e815,19,F,2007-12-23
31c3cf26763eb8a78589b41bf808cd7d333142ef77cb1cce05448b6007c40842,20,F,2006-03-22
d927a217aac04f478e6679711fa8be46df0f4b79b7bc3bb770a060fd04a38ccc,71,F,1955-07-19
19fdc81ff372dd65769cc94588a9214f31eab08a49357898983ec88d1f9ef0d8,52,M,1974-10-25
92133caa49dd081f74d33aa18b34d3daf6c4598af3adef4eee037dd3946a7780,33,F,1993-04-24
6301d0de46b5b22665bd984bfcdbe6076b8effa35d219a5a6573f32795bb5cf2,40,M,1986-10-10
01c502189e11b898a41c0cf66f419d8a683183916c974d1e83dc57ff219515f0,39,F,1987-06-25
773896000f481ceffff3bececbd8656d245ed28ede2471640e1ffdd750f63a26,82,M,1944-12-21
8220298aa76ef82b44ad121697c3c7a712ecc5c3ee5137c85f44716f132bf356,1,M,2025-07-04
e587af52d555e2f3865e37a88349915e112d1a07771ea2242a122f7d3d8a8ac7,11,F,2015-02-17
e56c9b9720e7d3789b3bf20ccf8479a4dc1f5e36913e03c5319c2948d1e44e8d,57,F,1969-03-02
fe6a6f6f73fc70df3989c000a5ad181c077d41d70a86737a95bbbcddd533d5db,89,F,1937-02-24
b697e821e40749f3c77fd0cb2fad77147c23865f3731b0c331b2f5baeba32df1,50,F,1976-07-24
52c05a810c2081a0761d0f8fc9c4152d355ed4b32cab921ab3c10d13a697a447,23,M,2003-03-04
edffa3db0eb6379afb71d6ed0a2aa155f0ac088e5a1fa3579b398e323db1aec3,31,F,1995-08-26
a3d40528c847860a59e57ef080921e8e1cd2a0a14fc57ff35ba980a396425de5,42,F,1984-02-09
2c2090ac2f6a7b402ea6c1ed52e9cc0690247e2f0336a0bc77f4140bd004f11d,7,F,2019-06-22
799ad972bf89b2814af9828b268e8439ddc585ed3f078236fa140179247d68a9,16,M,2010-04-11
f20f29e7b1499393b28b2c457603bcec9ab3ba4ddedd9c3705bb53e2fe91ff02,60,M,1966-09-18
e0e12f9a8cc591cac86d778b1a33d85dd09b108b8bebc03d4c8e31eb7c2ca8f5,2,F,2024-02-25
6109bbb81ab5381b76af3f07efad12de3ca5a8776a384092043f0006e5b392cb,1,M,2025-05-20
c8d8a4f9bfbcfce93940554cf2bb94e09c3beb3cdc2848049f492c02d4d9eaf3,48,F,1978-11-19
dfe55281fe3f7d0703f4ce93e37672064c19990ce7337f384d782b372f324945,12,M,2014-02-13
b1d56b4194d1f376db1407828e4bcbf9b8da3584817d1043666ce68b4c1714ea,69,M,1957-10-23
918f6a8465d47a1f259d653599e57dbeb0dcee18f678d7ef1d6e7d1496a2a012,37,M,1989-09-23
e1db851af0f87923aa2cb5112809dca7c8301b4e2aa3be5745c520da1d66ccf4,32,M,1994-01-13
e9f230ff49b22ce2ffba90e2e93d77072eb5ac7de1e481477a11aa5356a247d8,9,F,2017-06-27
c2545bc8d5213ddf9e2659749c655af13c9611a49b56652c019bd7debdc386c6,19,F,2007-09-02
250466a98b09074733f89782e5bad04c772350a53b91dbfb3261fea611cad08b,48,F,1978-11-03
e4a85f14d248e480c22ae680b82238665b79aebdfcbe7b7adf11bf635c97d6d9,80,M,1946-01-11
d23f1fee464f2f3874fc1ad8b930b9a2ae555305c8e41beb42f837752c3b0af3,3,F,2023-09-08
be2a6225cf88c0505c15903a46aac076eaf29623138f7181ab398ea7b60e91d9,20,F,2006-06-10
fabeed31c892046f4bd1beffd1b1fe39552242f5289c6b6a13e19fdc2cf4cb20,24,F,2002-07-09
4cad6853cc21b735bbdcbe46dfbec3076894d44d6f49c6e7040da71c6f39a9cf,54,M,1972-02-06
8d124c07754d7f4d534b6e85523133321ee3bc3e743948224ac6c5041f8ecbcd,33,M,1993-12-11
b82ef73887381583148a8412ad5b47b40c862ddde1850e97352659910a75867b,24,M,2002-07-11
50293d25cf4a99712ebc7d5d74d6b0b3c9b6d964504605d2ae5c6e91e4249a64,75,F,1951-11-10
a6ea6d7ecb092e857a427e1041aeee16c6b9da64dd7ac9386b2b2c56217490b8,72,F,1954-11-05
fc497d8a82395647c430a26a7d52e46be9f6ee64ba630424120da815705823f0,36,F,1990-05-07
0e78f54cf78ff831578b6614810ac0edf01d716b28cd1e848ebf25c319a76405,38,M,1988-09-15
471defa5224d16816b596306b4d21473807c24b60b4ad74eb536a95e18c86916,84,M,1942-10-03
afc898655ed2bba1f96801f88f50ee8952321d7924e8a3b1de793a3bd702c032,89,F,1937-01-11
b1e2b90a4a6684122b97071409219c86f51ce69f9e52840d1046aff53950a2de,25,M,2001-02-06
ee7a34d7fdafbd69fc52a5a01b272f3c50fadfa9049335fa78820237359ee36e,18,M,2008-10-07
21723903d7b2c64a0fcb73a342c98abe4618d593829d0ce915485cb1cea1831c,82,M,1944-02-13
9bcea1123657417e1edf8002e02f9a390ad0aa6d0557efaeb1dd22fad645327d,66,M,1960-06-02
92392a173c0a9789dc921450b3d2b869a9356c0af3828b6d8c4c1f370aba67df,54,F,1972-01-21
e18af6500917bbbc8ba9fece7299b6ca4c561bdfee04a1f49f584afd0a104ef7,35,M,1991-09-09
fcb930678e804ed49b02ec2426f4083d5f77713660b80cfc6fc5c7210215fe18,80,M,1946-02-17
b6caed0c87bef9cdacab7f509c25660b8b7993579133ca5df973b5f5c5c3eef0,61,M,1965-04-19
58ad7e8c7d2564f8ab6aee27d2fd7e22edd053c249bda065ac31cff01ba7949e,41,M,1985-03-09
94de2ccf02551d9a8604e7ba596bbd53fb05beb018e755547e7664991d363226,33,F,1993-10-05
db0374e13272ca563f9ac6e8927c569ef6f97af0892a8093b2a1dee50872f23a,68,F,1958-02-01
0f117cfd6a61d4576333a54d3e7c03f1d610d6f7077850b4e9b62948ff1bce0d,33,M,1993-08-22
dd8b0a81268deaeacd32abf786799811f1ad3e85cd19ca4ccdde4b6db6bf7351,14,M,2012-12-25
8133964deb53145f4b217d4f1658ab3eb7ae727d29b8f3c17b7e59b342b964af,21,M,2005-12-24
ccbc80c675232bd0fbfb1aab96c982b2d564b307eee3efc2912ac3030c76d412,48,M,1978-09-14
982a7014d25316348d1d7c14d2850dd58059637a8f71fbaf47a6fe8562c1b7fc,20,M,2006-05-10
b3e6892f1094049d893a097fb992ef03b9cf133ff2c606a8def2e6daf3f5071f,8,M,2018-10-23
329b7153c525d9fcb8c8e37bcd65464543de12ce1a592f856d573a7f1466956d,7,F,2019-10-02
bd7a56dbbdcda2018d1a460293f4cf6017a6507b861ca7a6d0f06d2a14ecc55a,67,M,1959-01-26
b9b94887093a0b5d1e799e9ffd5c38e779e311c924fc3cdbe77c5a31ba21e183,17,F,2009-10-07
41c2866c838d5c1367bf3a13c8f12afc6a79167796057c672294d19f7357a8cc,33,F,1993-08-13
f85efa7bf13dac0ea299c0cae6dc30d48813931829034e214ac890f2ff2d394d,48,M,1978-09-27
71c5f6a8e2c2c1c17a30c85894593b5750b72ea8641d76899ca7230d09676324,76,F,1950-05-03
4b7eff158017214b126905dc18a98e9fa5c7ccba2344f402c31d7788829ef31c,59,F,1967-11-24
a346f3bcf92649be2f6b8465b1238d68d2475739928637173accedae96c02b7e,86,F,1940-12-08
854b008a6b6fe68e6cd5f6e73874ba0615d7d533946d0bb2bf25d54411c5877b,22,F,2004-01-28
492ee969f7fdf1574bf453806ce1d642df6dbfe21bf6a341b19f6324a9d2aa35,30,F,1996-01-17
f67568b8fa921a84e479c3611d90b8abf6fb8a5f99e438309cff6ae5fc4a03db,38,F,1988-11-07
474e567fba9f66150ece700ba1b9d29b3e132c8163fad84a230d375d1c6818e3,51,M,1975-03-16
4b7c0ed9a30daf7410200c3eafe41c417ec44ff2e6c88b7112b3745fa2bc3f70,54,F,1972-04-18
3f9c022c17d95d1e3ea847fee6641a893ae4c6a385ce580fc4883f6ab8f2e915,8,F,2018-05-09
b6426908b785fc122957328efdf9233adbaf5b3b306506e6fafc26333f82b7ae,27,F,1999-09-18
8ec9df91d5f49302476ab2699f31b5fda2dd5ebaf83d204ac032a8a2eb010f8f,27,M,1999-11-17
b9d2b2e914f20c04fcd40848f28e072c5170963223fa5208782bf39dc8645f7b,21,F,2005-02-06
5b60bf5683cacbf12c653339572c185a4ef3908b0c7707d40ad0711b23b33887,30,M,1996-03-06
bd9f60ae950c23464ed2b001cb09272ba106c87267bd92d51e797d54054647ec,28,F,1998-01-25
48d6fbaa827ff9d16f0a92bc9f93be8a1ab34277f54dfcab8e3d3de037b54b21,64,M,1962-09-27
a93ae770d705e361304db3fd9066228f74b58b5b17e9a1a38a3a951a8e3ffd05,69,M,1957-10-15
34af3727bacc842759a5a818436a810dd9e61efacda4f00bd399176c563d2026,61,F,1965-03-10
693c44f38e7c764a6bdc6d85c56937df6646a7e0e1a29fda8542e1f626b2130d,48,F,1978-10-08
162c864d02eebd5576ce359454eb993c75c74ad7370bf412d9b9508d465bdce3,19,M,2007-11-08
341e7766a5e13ad2bdfa50bd1caaf525d893d2544ee1be3da1f50345fe9feece,4,F,2022-05-23
48e3ac3c934246517a10ada9fe473f742bb6d3dcd9bb54defb4887791662026b,35,M,1991-12-01
ddcc759ebfdace0529920875846048c8b579dd70023ac7b00e44b7b028230a96,64,M,1962-03-02
162ad538fcaeb57c8ebbabaf0c215c3ce80f72bb94abc835930dc9e267a342b2,49,M,1977-12-02
d044fe407e2aff086fc4bd3fe2f502d51eb27db95a7314c861dd0ec7196ebbcf,17,M,2009-05-16
9a2d0252890b58e810846b6ea1dc4b19289271c3635380f1ece1b0affac25afe,44,M,1982-04-01
6f518b92335d2e76ad9143276264cc48be25c4133ea8b4a08868d83cb8eed32d,30,F,1996-06-21
1381856e99251d0243066f6304fa6cb572c6b53181a0b980b033cecaef6ac697,46,M,1980-01-16
4bdb5ec7293025befd7dc75c1d146c3459045af2d3aa007de591fc0918f58c5d,6,M,2020-02-17
623845d5358fc3c9c200d21b8e7b91c87c2d75056c906fc9504762f7b0046901,37,F,1989-04-11
29f06e7be3a69be9c6ba28c85107a269c6a6c39fd6a97854ebdc22a7eb969e3c,24,M,2002-11-03
f52c769551b6545b01616321a38dca33e20f4e80f3f0d32a977c291fc6fd38e8,46,F,1980-12-19
a10028a0d2012db61d90ef1976a06d118eb27e7e5cfd94fbbff6151a8efc6d55,53,F,1973-06-26
ef79ca22baaad5bed58b51b7c27a957de8432e78ceeb13dff725d409c88e9e48,60,F,1966-04-17
47f87bab52cb70cb5c2fbb4b2be2163afc03693689c636d42869dfe82bff4585,63,M,1963-07-25
c09d1d13f9190a1431b841cc1379937d2dc45ec6ce2bb31b843e8dee548f7d13,85,M,1941-05-08
23e58e6925d613786d28b96b2c30bc685baeabb4648179d921a9fa8a5cb9db75,32,M,1994-03-09
5899e9aac3a96a53d87532940d7e0e5433bdc1da1770e0ac11ee4835b381dc63,87,F,1939-12-23
5bd64d394f2ae62d7b8a552470537070186c0a4cdb5bd407a4ada751e5ad0b39,33,M,1993-12-21
97681f039ef6f721ecf4a1cb6c3402f94f98737ff8c7841eec0df5dd87e82e18,67,F,1959-03-02
13f8b39aa0d0138f806126522e8ee7fc2709fe8b250de306cbb540b259478aaa,18,M,2008-08-19
4e2896ed150996f8e28f965fdd4f4fb8a55ab8accb056cf168bed06552ceee73,25,F,2001-04-18
796571605747f3910a6570d0ed0ac90e02331a3d43b9a3cdc7f98828d485006c,54,M,1972-06-12
047b4fb03c2b4ca33c8e6d064537ba4fd22a032b962545707290355a750bb22d,58,M,1968-03-25
bdd529a0b7e75a6b1abf56fd585215f2afe147168257a59ac4a3f2909bd93cb4,67,M,1959-06-07
6b1498880383bd9ee36592399d2b2b024e98f1ed88d0df7e85b17ba92adf6d41,46,F,1980-05-06
b5583d85a7b0955678be4d1868d8b194f91e289eb4c356e3c285c82c65cc2dd2,24,F,2002-11-13
63a18eaf8c609cc9d8b67a24a1bf49957164d38dafed7b3f06260138a1154fa2,32,M,1994-01-08
ad460dd5ffd8d1883dd6590aa13a854d4d8d01a68254959165353d419fff5928,47,M,1979-11-09
6dd6f12a7d8189cfac4d69d4997db710db561c323aa4b81b127176f836aa33b9,86,F,1940-04-19
88bb55a71aa45c922253aaebd9fad694a49655bbd442fe46808bdc02460a4ec2,23,F,2003-12-23
e6c0de0bc0623601076cfd81b99ce2aef82044765450ae2871dc3e2f3b25bbc5,66,F,1960-06-14
d09a9b2f36b244fd9bee372e9d32b2a9028de22e883feaeea8d5a6e9bf70bcda,27,M,1999-10-08
1441d18cc9fc6be0a932b69a6f2f5af371bbf48488fe40e4353c5f10c34368cf,2,F,2024-08-05
c8e314c6619ade6e890467b6f1dcaec08df5dc70ebcf6b3c6545b34b5b6c78d7,17,M,2009-08-23
5a50882049b3aa847dbc927b282c48d334e45866df20f670f8a0303caf9e9417,33,F,1993-11-23
64419fd5dbb7fb30f83dcd8566d2ebcf148740ecec07c6f8a50b05771c898e7a,9,M,2017-05-15
d3c8d6a14e3a822fe267a96db0219ab41e35313816dff7e9735230716779b0e7,43,F,1983-12-17
226393ed23238dba004a4da861c931b9036d9a783159ffb6ed3f2503a777ee5f,48,F,1978-08-03
f0dd7e71f7214b57b3f08e79a1d9a372d4b7b145b90d84d417aaf6aa8c4657e4,39,F,1987-07-18
e546c9d384f443c1364fc8093927636f2edd7b5564a97966be750eb752f929d5,42,F,1984-05-21
3967f30697bf32ad1aa83e3977134fe49b8171cb23a708499136bd889b2d1a1e,26,F,2000-04-07
bce5f0dd33b7a1035b4d7aeedabdad69e0990ae2c9aaaa73a3c5317f4cb4fba3,50,M,1976-01-06
395b8d64c2e43db1da55956f9390237137b80dcec3b6d6618441edd5f5bcb7f0,25,F,2001-03-06
8b95598d7b49dd79b628ed7f8319e25235e088bd1650e208c624ea0c5dc5a6af,24,F,2002-05-16
9f1ffe7ce1fea46c9cefbdc826f8bda9fffdf640d831e093154341d602344523,13,F,2013-02-16
5adf5b4ebebb0ca26f00087113022f4f43e43c61e85ce5f9b2772b8e7f20e645,60,M,1966-12-21
d40872a2d495be9ffa9cff3529308dd6210a09ff406b5ab9d20a575994677432,7,F,2019-07-14
c860f53bdfe6ff2cb2f4e797c0077ba339704dd1bd9bd75b61ec06a1e8335c24,57,M,1969-01-04
10e0f7517257380c473733220a034a9284d1c0f8df7b0567fb42b92614dfbc77,36,F,1990-03-21
05ecc2f7159796a9980c3d2fe3a820d8c2ed6ee2aff1408a18f0c6b73ca528f0,45,F,1981-06-03
f0375eaea6771a951218abac8ce59e64106452b4daf85a69c8995f1fd712853c,20,M,2006-12-02
be6ec20b413686ba0a5ede958028c49b909e95476c7d51a84ece412320d309e6,65,F,1961-04-03
82f93af2a303089a2a6d7e83ee87158475632799e06213b0c4d1e8d82db17b2c,8,M,2018-11-05
b23d79024cc864bb204d1333904b3073f5ea14592b028964b568a91475e2784e,16,M,2010-09-25
85dde8cb360db5820f55b8ddf471a72d7a5b06242758a3de44d4755d5c9cd281,14,F,2012-03-06
7fd4b67be6a12184f6e54645ac2993152e84b60d119362b949adfdd286de8630,76,M,1950-10-08
5d620ae94e3cda99a249b4e56b134f41b8f5a186ddb6aa3a85a83d4d3d342f9d,87,F,1939-02-14
fd340df4281948e299ef277e01cafba0fd61cf1df52fb959f0f1d551a803f8f3,15,F,2011-03-03
b6976a42ba95abc3b002528d9bccfc4fdb671711de8254a33a8c4b1f55030bb8,66,M,1960-06-15
0fc736a15222e77fd5bd7c21850728e9157e2ab75d48c030864f1c7e61a9ca76,32,M,1994-02-13
81481b5c9c0711c200d8827ff6c83fb91f96f8295428c68742a716a94ed74f93,87,M,1939-08-13
63b545348fa25df0a2eb90cbafc05f74024a4efdc673d810b3024c2578e7baa5,63,M,1963-10-20
6c26226ba560a43c8321b5b65c0d09494bafa4270bba179f6a7c0d6b9ad85891,86,F,1940-11-22
6e87aca372740351bb93fa6583f2e440476271d6233fce02f95031864662667d,51,F,1975-04-07
f70af3ae891c50012501bdee316f175807272b1044a26de445df41b763064d95,25,M,2001-06-18
67b1714ac019d59a8fce4e750b8accbaad541efaa421ec53945e30c479ca4c01,58,F,1968-07-14
c7fd00be2957d47c6846402d9663a2df55ebc677786c66a8077efe5797691bc0,63,F,1963-01-03
e586fb17f227b147c67da605ea54ffab93018aedb7589748703a0c20e0a520e3,62,F,1964-09-14
b49a2f1bb6879b7aaeb037c16a9b90e7063fd11be3006016391ec5720551043d,22,F,2004-09-19
8fdd845021e462167cb6753bcdf32691bad181cc444cc2355d1b615722bf9051,58,M,1968-02-17
1f668a3ef5a4d3e6257eea41506ad6b479eff70017414198cf6a55538bf3ebb4,58,M,1968-09-16
660262af781de4ee753feb63d3b38aa4646b31916a5988bad8129cfb019a7c5f,86,F,1940-03-19
e1e12f49831a8bd9e026458dec2fb504f9245c672c3f296a0243324c5ce9ac66,49,M,1977-05-09
63681d54441aab5b86268e61db044ed49bad1bb75208de35d1db0e05bcf783fc,52,M,1974-09-28
da2b75a920d5ad96e60267d18967deb8b68d721ebcbd1215ab4fcd3a54ee3898,42,M,1984-01-21
33556b4a4ab4890f255a77425f0e6c0ec546ebec318d4afa546baaed845dcd51,70,F,1956-03-17
f728cc4015c1e584224bf3dda3f4e770d511cdae3750c21a6896fd1a8b1d24f6,15,F,2011-05-09
a2187b25a0cbea449fd5e1b8e0294405f4ec4580d466eb4f3aa6f7ed0b34c117,54,F,1972-11-01
5a94c522825ab8771bdd4ba9f1c304b9cd0c7a2b1181a48591296502b4337083,60,M,1966-02-02
c37d0d3793827b9cc7f6e9e77803df35a0a0edd11a035fe6f5418a1e0d9f9161,8,F,2018-08-22
6a6add09a9b90f633616001806d670ebbbabc3219723ae5e523fb7bafa52fb72,53,F,1973-05-06
0d7c0d22f002c998151af95b155bad06d4c1d24f6f4ce057b418e5ae113bd35a,60,M,1966-08-23
dc0c207b79f54b2b15dd2000357d60a79bbfa5b6d83c4597fcaeb18663b45ea9,5,F,2021-03-23
ceb53c77ef4bb47b88b90ce6a16f9035c5a193c1576789b001e70d41d862a9bb,68,F,1958-02-19
e7ee386bc3c52c0a81ae0034c3824fb28018e34c36f71d7011818af757577d9c,6,M,2020-09-02
090102e121c557c0a5c502044598e2b481710c8f159a174bbead82fd79bb5b0c,47,M,1979-04-16
53914468d437d3a5053becc201a755bb9e74b4d13c2a9e9d256f1f0d74623647,55,M,1971-02-07
31f3557d1b55d767e323b4035aaa94298e270d852b888fa6ca24da93038f89d0,40,F,1986-04-23
adea08bc7babf92bc0e337603a07eb185dfa68950bc7374cc404b669f7b57429,52,F,1974-10-08
5af71cdb4e81b2c3a3afe7743a764c33613c4ba168ef12e1439267a273705f36,16,F,2010-06-03
31a933b67ed1007be2b1721edda2a11a29a64fae7904487ed9cad7af3b0a6332,13,M,2013-01-18
41e81f34af70d5a4789b66eeade5f79529bd24a79fe66cdc0fd2e16b75775d31,30,M,1996-02-26
26c67228c0e97d2bc8d44eaf2a8d18bc6508730a38c13dcfef6411bebac38709,19,F,2007-01-04
446f9599d11d1c595d631c7c07fa9d97a9354cc36e717cb1cd42001a81cc2421,17,F,2009-12-22
da159b1dcebf756aa98c316bbf794a51948854fcffd6b7ae49b89335e1587d4f,63,M,1963-08-02
da29efe657714f8c62202fe0382613a1d2a6ab7d786ff3f2a2be887d865d4f52,19,M,2007-03-19
5d351ce80d8dcada36cffd36f44a2acd51b17e40b3b7ccc92f086bc1ae0a6999,58,M,1968-06-14
5ec72fd673d135570a206b8260e44e61544ef34a96d5b96589200671a20f140f,55,M,1971-08-26
8d334569792e42a5f85e474c055139266f666f89728cb912d61138605aacdec3,62,F,1964-08-22
920bd15db9eea00ed6673d565984401f769e8bd54da4f3e7862ff9032be1c3da,23,M,2003-11-03
798bc7c33b0b3ec7142bfafcb7c212afc16e9ab501f48843612e72e368cd1c2c,9,F,2017-09-22
151be37adfa906064938c21ec56465a22e1a26c2a38d7c1efc0e0608d5db1c3a,12,F,2014-03-11
079f3eb57947841da11508aa12a6d73a9a52ddd8b49500104680d889987ab6b4,1,F,2025-06-12
794cf6dcbf9112c6153ab4e1c4782d3e1a715506ecda556b5fa43995782fa3ae,58,M,1968-02-03
7b9fd9ca8e1d9b31a437014b6f338f3d456852c8b6f4f9f5919164d117896174,1,M,2025-07-22
9129176be94a360d9536c0d8ce292139994aae112995e2a28da01e4f2cae246f,34,M,1992-10-11
a737c691fc2282a468488d44d32b93975ec0e25ff929689acce3bd67450ca6a8,48,M,1978-06-10
036e9ca3da36b21b3f9c3efcc7232cd1144ac9375ecca635c500affa1da90789,89,F,1937-02-02
e5b4b7ae424fa1694e259567e042e7bff2436d979b9cab5cb7063f317a57849e,1,M,2025-03-18
221d5f585d7f02e106fd09a8303cc6d3af52bbef1ba1c1249155e3d6f70e6371,16,M,2010-05-25
ea9bde3d6d2bfbad37d63273b3894f309dc0746736ac9dcad43d9e9d1aefbf7d,61,F,1965-10-27
854c5a106e8d29bfea0da2ca02ee86fe23cea8bfe8aeb90ff84c08d78682a7b8,64,M,1962-09-28
ddb21477b3dfb223687574b5e59c22f3d560a40f156675d7b962240c9b825d96,63,F,1963-06-13
fa75e7ff1db167ca65e324fd7793c8df39f300ad79f10ecd1d0e0f8ad069bc7a,69,F,1957-12-14
27576a072249c29f47cbe6d2291f4dcc09650fe71c8611bf96362837e9820005,22,F,2004-02-01
b8dd795f0cc1571d3076cda31999901d77055b6a42543fd1dcfa1f1b5ad1f749,67,F,1959-05-27
1683df3623faab7614d98d9628c7ab334eeb558005f7ae350078c5fe1e0c8767,76,F,1950-03-16
0b4db9b737910f9b5dca83ffc25950588078857e6dea89ce8278d20792ce6e9f,26,F,2000-06-17
653d5e526e5251bdb6ad0acdd636db0d59c85df3189d52d19f3aa137a118ed18,16,F,2010-07-21
ba240c609e3e9389595e8282b6a1484917d618c3dcdb1c52ba021ac804d7271d,51,F,1975-11-26
f5fbc720ba173fff41a4f219723813929ab5af69722438d0c63d82c440ebe55c,86,M,1940-07-11
4ed4dfa5205ececa0d17a9c7c11d330fa5c54c98c3f39e4ea1a010cdbe0e8934,57,M,1969-02-04
64b61d22f55f10858147c7c51d3c4b9a7698edcabf10aa4b818181c81b84fb18,29,M,1997-04-05
4afd01ee958f1f4cab5daa1ca4a524ecedfd69bc8df926ce94725bfef58adee3,78,M,1948-02-02
2b59da1dee5f0de888b9641a96ebbbf9fd4eff13d7c667ab6bc539b7388ca112,69,F,1957-03-22
1c5d6f1575aa762a4fc7e17eef8f36dcb9b514fef58aa26d4dd6c679166984d0,47,M,1979-02-27
2bf6304859ade0c6564c9ec23ecccb1f749ad4797a81709a45451dd3d6415316,62,F,1964-03-15
8bf1f3af9075002c4e0987ed12f9783c7d62d78b4b1893bb7191d4fb130562d2,69,M,1957-09-05
2dac45b62a621f57cfd602e4d2dfec49a0fa92d8583178bc4279e4227569ad14,76,M,1950-11-27
b79ab4ccedff93bde7dc4920f2d7ed571a63633fd78c366e8052b3350aafb7fd,16,M,2010-08-17
5832cef011f9ef91f0ca690a3f6793cceb1a7b8118a276313c274060953d471e,48,F,1978-02-08
2811afad83421a2a035e3c20e7a546e19ddbe308f7755c75982824251419dc2c,85,M,1941-08-04
b5003939967295cd4a575030be2788328690adfb3cafa1c8f763fdaebcd9ab6a,39,F,1987-11-11
d999d21f5501c37dc08ac3540b6da38debec73f8734f6ecfa096d7adc23d9301,33,F,1993-09-11
0549c5606a92870f70109ebee9ff43c1d73149f0c71be3e5a346034aa515891c,23,M,2003-09-22
5da45e1ca0580357cbe9f2aea10bf2542030774d07236bfe9325d1bdf26d1249,10,M,2016-08-18
3f9906027ac7e9de737ab3210373ad89d771ffb72309917dc875dd2e75755698,69,M,1957-03-27
397886efbef4fe10e897b476bd377b9b812eb7ca3f79efb65667efcdbecc997e,34,F,1992-04-08
c78ea740da9be95e3053e860f52e4ddbd39fc438a11caf2b7c23e9c798d7deba,52,M,1974-09-14
853ccb9004359da3934b56012d75b05b477cedd271c89b90435a6637b9f59610,10,F,2016-12-22
6722cce28c2fd387a1e5f26f316763cc1257b7134dc918736466aa855d1d7867,19,F,2007-05-09
7cc69cf32be76405ae0ef79048e3b3ac8c824fab2ea366c4c2675c2e987532ee,58,M,1968-08-14
43f966839bbac42105d3d34a1cd50e8c55d2eaa11c878b4a7a65e020cb2a2a32,1,M,2025-09-15
fa0e0494e69bb5f9d62a74b205d188d847eb9590a68df572b8b8585486f865f7,69,F,1957-09-07
8869e7f2321a1e33c7bc21b4762c8cb82cf5499ce4c6146059c42ac09fb4893a,4,F,2022-05-22
b2bad5672930c4fcc7749acd4dfb1b9bf60c1b80c6b026e49576de7206efdd51,16,F,2010-11-02
6d52391b2c89633c11dbdfc5be9ba65bf92ed66704e88b97b142dda5628bf7d0,24,M,2002-10-10
2a9b9a14ad96eda43a399e55b743351b2506bd9e83bc4227603e9d506c9528b3,80,F,1946-08-03
6ece907c912399005d56bdd84c07bf2ba070ae603b28d1bd84cfa1db444b8454,2,M,2024-08-14
3f225a85d1101be8cb897cebf7a7e99b3b5d5af6681697fb753e44f0851f9dfa,32,F,1994-12-12
d03ae2715490b24b43e1e0ffb012b0d92e97cd3362da9ca160f0798a127475b6,84,F,1942-08-13
ecb1aabb077dba027757a0624338113eb48466662ec9251810e56848634dae37,24,M,2002-12-01
2f87a71ce2e5c985233ffd7e37a83fe3f838e0d901bba361c0f0f7f89deafd16,12,F,2014-09-23
055cabc7916f7de9e50f78ec32e077bb982d19c96f1869e892d7155bfc9d9a9e,50,M,1976-06-06
9eb5fc543797aac48cbe339af1e78ff7989e9ccaececee69d6c07e2d2c8a70e3,35,M,1991-01-13
3f7761a7dbcbbfd238226fca6f04d41c259cfc1ef519cd4b49d7c719e19dc617,33,F,1993-02-08
19feda51b1c5e6fb37553832dc6c21a3002e4a4fa06dc20e208678074a314a7f,33,M,1993-03-14
7874d1a9bb714a42e1aa585d4e31817a467f43a54823e85e172de2665709e777,61,M,1965-06-23
aaf3d76e0bd4c3a53fc21ad72a88718f612ee377d9cf132ead60f3e586f3df1e,51,F,1975-06-20
05f0354c59c74a0a507834d80aa920466b626fafe33baf1ec55903880b2668ca,43,M,1983-05-06
ff4b98cc9c45720fec7320beeebeb4e36f38cbdb39f6a8c18edf530b20244c60,12,M,2014-08-28
2fa125c2082dce85a98c9445cdaa5c82888d7332c9bc7a927e9ebdf60ab984c7,67,M,1959-11-21
16e0544f3ee60b13ad81a6af2c2fe597f45e7304eb9e680cae495845a055827a,65,F,1961-01-15
75657b7a56a2be99d34ae66ed0f9200c2f10cdc9d193d3ffed9d0480b3a2889f,33,M,1993-10-22
10b32db5b9526036de158a63d33785ceae5ced5d25dc682d14594e357c63d0ac,40,F,1986-11-22
ecce59827cd330b9d5d4e13b52066812cbae30cae73cb280d2f6e5f45711193f,74,F,1952-06-02
c137d6442a72c70a53ad82013a61ec42d69cd7bc88bdeba9394e453ea8a9c851,43,M,1983-07-09
43df4720eaf78803215b2ad9aa9ffa7cfc5d306291ebfc9828057d0e4452bf65,44,M,1982-07-24
2c8f08d6ea90c8b9dcbaadb114154852dca702070a6418c45432ac65e23b3379,29,M,1997-02-25
ddd0a2632786274ab030d4f98d532a0cc8c03ea964647ae2ffab878f326b6420,13,F,2013-11-21
11ebd2b71d59d2a86ab5619f2d324dd23139c802f5a6a6d0e2d98779da15e53a,12,M,2014-10-02
20de9998fdd799828f361bcb24f944828672d88cdd48629bad0aed339e4f5dd3,46,M,1980-02-25
5851374e5693e203ce0601942c5d60d25c3ee603d209ac13b3d9497df8de72f2,2,M,2024-10-26
ca1cd75e994e88235329dc35b76b7c885dbf1690ba5b37232b7d2e9123855fc9,35,M,1991-02-01
d03d228d4d675f13921275eab33d972a5b679108b6525266d2b6feb932735002,87,M,1939-01-07
e06dab291f82ef5eff956115d18c08ff1302ce1b33eebe2c89f2c6ead52cb5ff,81,F,1945-03-16
82cba022672bc9336eae8ddd392ed251bacd8433aad4334565dd044b57abe609,8,F,2018-07-02
050b049d5c78278614735f00578ff3e4fe99562bdbc5aaf06d43ca7af53c172d,26,M,2000-10-24
778404a025aa5e745950576fc11972d84bb8c9532bcfb9cbfd6785d5bc84cea7,74,M,1952-08-20
212d7d02eea6b136d0351febf2dbb6a1b7489c585a3c4f1ae9f477638431845c,34,M,1992-11-11
feafa82f0e2b8ed8c936c520545a975ac1f1597234181a5136466a789613f7f2,7,M,2019-03-07
c24c442514d8758c7b0da2d72d92d1ed261387dda7baaafff00a8763f86bd008,68,F,1958-03-27
1854ecdbecf05141215eb3d5dc18eb166024c872ff46511cff01cede363881ea,58,M,1968-06-25
308d7b8171a5ea1068d3eb59ce7d9a79ed328bfadfc9d7745bd5c08bbe39b942,75,F,1951-01-17
5de8cabecc927309d4707e84e485cb12c786274ec76edde7214bdba72d48d29a,29,F,1997-03-04
f09e3ac6cbc74d8f92da2c362cdcec12be5a695897f8af8b5f4fccb18962fe7b,36,M,1990-11-22
7abaf2d173b3a291393fc098f9d9eb0f68cc642be0739080821a56d9706dc47d,89,F,1937-03-25
343dcca58759f4d0ea26cd5ec2ffb332dc274a035e37a68925b57c9c8c25aac2,21,F,2005-05-14
edd18d1201964fd7c838fb9940d6a75bbea192267f0682c67f3bec0307c204a1,36,F,1990-10-21
9a47d6ffdd5eb8bc2caf3bfcfa2f8e0119de1c294c8cbcfb8c9c8abd1c9fa01a,10,F,2016-04-03
2f396aab553505c13a9fcb9189a9b494a40ed193a1bbc5f0baf03f84b1ca6789,73,M,1953-12-02
c3aa8402be83f22f03888b8a2c35ed7f73cc14fcc00a0f3a14cde13fb81a8fe7,24,M,2002-12-19
e55452f0a2f7810c2df8d73dbad29046a3558690b619c3dff617eec5946f312c,64,F,1962-06-15
249fb310fb669713ddd2b8f33c664515c74b636985676e6b839f7206befba791,49,M,1977-11-17
f17105ce769d05519f781584b3c096bee1451170017cc023e18970adc0709c1f,36,M,1990-03-23
c20a8f8180acd8e547de2a5cf79547b5c50b8fc2b1c97da4c3f8c9a06580f41b,82,M,1944-06-19
9149ce52e639ffb69d98f00c7d4c15bea0e05fba5035a0aaa7d564f6ee18e780,24,M,2002-07-02
41ee3c9e2b020ce9dadeab54ffa04f0cb2b65c18356d3a33905514d208dda229,23,M,2003-10-15
4b47ec729a33472b4dd77ecdcd3509e1ccdb50b5cf0c8b4d86d4b645aec3a71a,62,F,1964-07-13
82efc27b946cd70679035b86bc24fe35f6734911aeb14d88da17c86b642af932,37,M,1989-02-07
4eb5f8c60498cb6453cb4d3862c3a27ac28972d212cdc34841ac92c36e00caf5,12,M,2014-12-27
9225ce871f0d6f5555802341235f380cb6fc4c80f9c63656fe59c5039c4a62d4,55,M,1971-01-28
c72eb6028a2148c87c9c60bd909d6342a376e3bd4ef4335df7562225dc14e54a,13,M,2013-05-14
5e1101238387bb2352c98ddc4880a18c9eeac5df79626620edaf90eab759f9d7,23,F,2003-07-27
13511c79ddb8f7887ff2400d064d86899d0cbb5b6c3a673da5597c61738f06d3,89,F,1937-08-18
e573db34dabec036968559389133c3604d21932cf2ccf886c63e2d36b46053be,30,F,1996-10-14
a5bb1faac9aeed590a8bb9989d701c8d819f878546c6912b709abb1209b181f8,17,F,2009-01-27
962d2bef871e6516973ff0f200d4ff5aa776bad11f08ade074ca435ddc902fcc,62,M,1964-05-02
62b2f00836d63687a45db41db4d34b035636ff97263c3b56d67cb63ee5a3c0d3,84,F,1942-11-09
dfee0407c3384ba4b55b602e7a2d877473a9cd21f0aed4deacd407c09975ad6f,89,M,1937-01-22
7229e02a4eeb455de9241063d8b0370dc487f5b8cb86f0599a0fa61feaa2aab5,86,M,1940-06-13
0c0a8b118fc84e9ea01bea5c4cb133c65086b09adfa749ab6d213f1a7d7f1c20,13,M,2013-11-10
802221bafe627b96967dc8bd9998ac9385b940cd1ead148b7369f85e296ea758,59,M,1967-09-16
c0ef74cff8a5a28d1fb2a1caff51711dfef7e11a88e834b8393b51bc8cd36978,19,M,2007-09-24
fa0d89051f011eb996b7d709ce9b499e281025786e922347bd16da002799c4c6,49,F,1977-05-04
6830df29488d8047d529acf0064acbd123010f6aed61f110bde683a2df053404,12,F,2014-04-11
1dd6b47657716b59cb22fd22ae67ad7748ff173b0c41c193a2789cfd96c1db1d,61,F,1965-07-26
d1356b44bba34cc384a19cea4943fc09977214cba2b977cacd5464e7311ad240,19,F,2007-08-25
bd61f51224fc538aacaf0b2dc77f1454adb2aa217ab829cd51233cc0ba03f494,76,M,1950-10-21
a2b0a1d3d46325e0db91ec56a1d31359c7baf088d04f24294ffdf3b95818431f,9,F,2017-01-15
666758db8b7542ed05e1fd85481901ecc489dc49fa2aaca0323c63701e8927cd,71,M,1955-02-01
fb30c6012f7bcd339bc4b9d20046fe86bb93952c75b6f6a5b6fc17288ccca75a,28,F,1998-03-26
8fe15f141709c192fcb47b033e7115f4cb378bf851e10dfce8922b10da00dfba,78,M,1948-10-11
223255424ae47b2a6f44db86ecc29a0126ef10167031899a2a53e634caac0b5d,52,M,1974-11-07
bc5245b3a20b37ac7f99fb5ae812df41f8bdcb5eaa902e53e7d0ae888c9d3146,83,F,1943-03-27
032fe13492d0768f0b3af114e13e388e98b4a1cdffb06242ae08981b38db37ba,16,M,2010-01-07
1df3ae74127818b5da11862fc55e816bfece706e9c1739bd194ce34f32910f7b,69,M,1957-01-27
6b2f475cc8c9a2c8445bc4210ee15f95df0f9514155abfc69a8331bfa5aff335,12,F,2014-12-03
42db919f0c1327b425ffc552b5c210d97921c33c9c631fadb2ce8c42ec33b18c,25,M,2001-04-28
8e4dc79f7a90cd09a4e965e36a4ebeab755808b2240b30adde5a80d7f60a263a,52,F,1974-11-20
eb90da2219b55e4808115a27b5a19a24f65d187f66f74cc2ff9d10b6e1d85b6e,85,F,1941-08-09
390f9c82c0885699c016638129762c11babc93ce7b18cd942929c415e2f6e994,53,F,1973-10-06
f0dfc35944f73b2d0ff1b744b561a96979682de9f94be46d711d7859f491ba30,23,M,2003-10-11
56722b21f13626b5a53f6b5763ade8b1e42eb3e6230c688aca4ea174c5aba809,16,M,2010-11-03
f351f0a690677d85dab9d27ad5946129b18d95c8c7524c8dd3e75c9546d72a35,57,M,1969-04-11
58ca36c7013855be622be79d4c1791ba1d1875e3156d6b1d7c7861d6e46bee4d,39,F,1987-07-27
7a1ca5278f4fff391c5e9cf2282d2c0acc34caeb743c13f095c3deb80d5faee9,53,M,1973-12-27
513ff04844cb263c9ea06a8137a24e53dc3a10a07c39d4cc40bb86b6f751685f,42,F,1984-10-28
58ac1518aeab6d88fb7ecf0ee009b3cf59dec7e3456cef132fbf67297debf023,58,F,1968-01-19
58b4d469b70ca706c5c29f2d006fd50cb42c73964817d8d343d4c87aafbb146a,39,M,1987-04-16
2094da88b3c1fb444223376515c74441b16c28b5253e9418c5b7f82b12ad7f4a,14,F,2012-04-03
9d28d47d99b4140d9fbb6507c062a3132fb6a5cd3515b0b4a3ad33761719e963,5,M,2021-07-06
08dfd1501b29aa33b8fe461b1447ab375a7c4a51dbcb5cf8ea4ba6f497179c58,35,M,1991-10-10
16996f8fe1aeee64dc9a8de80732e993524671c8ebb982f53f9b2c1ede309b2e,87,M,1939-10-16
8fa341c2fe515954d8b60ee4c4459d68490a83753651a987d28315f132a9a030,75,M,1951-10-24
0d5e13493e81e1ca5563f262ca32d89b5810cc0b9e8cfda962e28224a345f382,18,M,2008-08-14
7311eee9b2e59a034afb43fd2f8c52fdb0619ff911cf27828113519b826171a2,76,F,1950-01-03
5d779ef815edd93c7b1d5956ada958b6d59b79d01aae29ca98bb088fac37c77a,9,F,2017-02-03
91eef6ac05ea0832ccfcf71e314997b09694c13ca68a6d30925719e1c73c8b37,74,F,1952-09-24
56684f475e087a0ef0236e133e826b987c93c3950796c8cb7aaa34b7f53cc210,58,M,1968-11-26
07f3fc4888b01635c53d2e0677c7d5cf6ed1b6377630af5795819ccbb4910e2e,17,M,2009-02-01
8a03fda1ed466bede92b972ec8517d6c0677d5c75f45bbcb0ae5f68eb8f98877,7,M,2019-06-18
617b6d46d7ba5cb6b22ed53d802ce1c6957ed451177d342a7bfd2ef14e2a47c8,46,F,1980-01-13
f404a1cbdef7e20c246f872f18222e55c4a554e967dca9ea1d659e3559365657,13,M,2013-12-18
9118c3042162543eeb219985a7bacb214b908148fabe6c5c242250995e57d57f,40,F,1986-10-19
f52c99d348378745e7c8aec85b7131592c154d4518ce31c6a077e29fdd1428ef,42,F,1984-10-03
4cc9946eb54157a0bf1da08964f3e59b4773b1031edcf5a91a79fa87c2834f39,9,M,2017-05-11
7e929b499c04a7d1b07dd4f78b151797a39f6a323702f2b715c54dd8792c1015,50,M,1976-07-17
6a85491c76c328ea5ebec3c615489c844dd46f8d53c32a92cc7a93662a88b5e2,27,F,1999-09-27
27a5f881ccdb4ec4779076eafe5a4698bc0bbd20b40a8ce83e707474d8ebd74a,66,M,1960-05-19
49b082dc72d8c6cd5b8267e5efd314da4be5649ba8185d8b314f298fbf9db9e9,5,F,2021-03-27
930f6b6b6fd23366f5e3f11c789dc6e3a02a0aea3a96ff079903d5b1ebdc9164,29,M,1997-05-15
00c9c702090d6fa24ee34c02dd8818340f52fbe47f8569718e84e68875737411,37,M,1989-12-24
356b7d0597b653ac667b9ca273557a0f28dac33f06a3d15be5e97897c00ee627,38,F,1988-10-06
eb96cd88e0070bfb29295bbe137a549b2eeb89483588f3a8840c289d36e4503e,83,M,1943-11-23
ad0bee937aadd52334026e1b069420461cd1ee28a701d29eea542abdb9e93fee,8,F,2018-07-23
7e723b6b60045e1158acb05d68db3acb39b67f3829b22e0a8cd91147d9a335bb,65,M,1961-12-28
240bc49d91289b9ef876c78b40f8e7c60444d48c0ad48ad44b206510df2e151f,86,F,1940-02-25
5da973c5d0b0e0378c5761e4c062345f201d466b8210aa7499a7077256f3e986,17,F,2009-08-19
c08206bd1a6eb56b519eba85d19cbc0ea8eaba7f2004f750674cbd5f15742efe,71,M,1955-07-04
8e24e8a33ca13e224cc3e3cd44596bfd468905d64769761516cc94f1ad13b91e,89,F,1937-02-07
60ea292881c66c6b20a07a2d63b31e4f01aaa0078e86d38d8225393bbaae310d,45,M,1981-04-12
0ec7791a73871e8b0861aa10cb6463f2fb14662de661dee674a163a0715826c8,4,M,2022-05-23
4a5f241f6314f416031c7226d5e8fb993889901e04ebb87154414ab4c0e1a668,36,M,1990-04-20
c5390f26ce8f48aa372aa927c9c2dd193be9c60dd185b192a93e1aba8b8538ba,70,F,1956-10-26
c3f76cdae9fb6db0aef61b84974e89611819676663d974b461fc228506539760,31,F,1995-04-06
671668fdffdc0602285b80e20898a2156518797d0f405d028fd6199dae3e42c2,19,M,2007-02-26
7f536469af8ff37c88949aa6a2502c124085635941a606e9e8f0222f2a508cf3,61,M,1965-02-04
7e5e208242d3b9bda8d7342c7ff0859b5a28b92160d7a77a3787da77db596279,54,F,1972-10-18
64b15cfdb2ef129c4b355f53c95e9b9626da1cd59050b0fcdbf78235e9e6ddb3,39,M,1987-06-05
a32052125acb626f9bb035506608d7e2c45897a85a9a5dbf5b000c964435d9ad,74,M,1952-12-19
4b6379df1d4a83e95b8da9aa7544064e1723c4fb64ca9715ae54f8ba72bed293,19,F,2007-11-28
c1f02247e307c3d91e41079445d674df205c43a4ab745157d0b60a6f85413397,39,M,1987-12-28
25cf9f26bf035bc6c68e4c4adc829e949671ee3b78a50e7657d3fc2cf82538b6,67,F,1959-03-07
50e31cae9450d80573e7de82a91065ac49e64380a0ab5217fa03654c2aaf56c9,45,M,1981-03-02
3fcbcc83b734bc57b59fd80df8c18ddd2f9ea418510dd14a15c80ebcdc832131,13,F,2013-11-24
9af5670cbc9a286822035d442fb354bf92f8c14050cdc1ca7ad78c62e54f1940,58,M,1968-04-01
4af14c241b1e34ae3905ba4838dc34ddb9601ffb056c1102f8e647d184adaae6,20,M,2006-12-28
795dd515b3a459efb3eb728826ee6e5203098a2cab3c181e239f5c778b6be831,72,F,1954-11-04
03517de97a11f76fca57b86955ec4c1509d2c7f93b894a7b4a48b0b05a42fb98,61,M,1965-01-03
d94aa9805fa4e81ada74f28a7f7877fa077a3743b89171da08337b2a704804d3,39,F,1987-10-16
bf468c64ddd746025658d3089a40ee06eef068fdaa614c1401b8f7f88fff5365,1,M,2025-10-18
f44567beb023084898efb6390111feba14a5a3e806d6d2e5b84626beba55e14b,3,F,2023-05-22
f47ef007523d725b0cb5ed45c86151b6add46a26110a2148bd9892c7468949e1,77,F,1949-07-13
cecee5bd96c8c5ea0417bbe4602a6e036a761e89cbd38a97b8cdaf952beb3d8e,62,F,1964-03-28
d6e80bb1c720b4f77720793d7f87c68d8d1eb2e067c7e918e2dc372eb0192acd,63,F,1963-09-12
9a96b8b634961e91b6337a7e60f6e97a241d191493e00bd94429020be24b8576,25,M,2001-07-16
864d239478336b001dcdb711f61bab6a4dcdc30e2afade8fdf0683b506ddc518,56,M,1970-06-28
8ec86347f0a03310395627145bb95cccd7699e135cf58b9deaddef6e8142dd3d,33,F,1993-12-05
7e078ff49d6461cbd53e4ca51bbf76f8e8155f88159a030aada82c73f3d03850,38,F,1988-11-20
c55585c5e125fe03faf671e32c612c82e4d54eeeec2a579f81d5d595c3985493,6,F,2020-03-12
f3d4f4e5ea425c08b3da502d1537e4af496041cb5514ecdfbc53c38be590ff6d,58,M,1968-04-10
a437aced8892408b481277200461fcf998bb5ca36471609d65a746637038558a,44,M,1982-06-24
f9b59c38d11e6ec7af56dbd06ef0b70b6ffe26be739d9c6a622f0659482600de,45,M,1981-01-05
174a050685351616a46aa16f3225f65cc0ca2796cc49012e102516d0d93b8ae1,32,M,1994-03-12
14509b2114dc5da7e266a2afbaa87b95d8e6b89af0cc2cfa1fcfa17132765aa6,45,F,1981-08-22
ed9aa58ffb5132cdebb750bf9dab83c62af567d49867f18d7eca167e163a7602,61,F,1965-03-05
7e546b24535bafdaef4f0cbfb90aadb9d36b870ef3fa795f576fd1f0a64fbc3f,47,F,1979-07-08
d4400717a61623e3b28abd1f0707dfa337b8ae9a2d06ece4b3c3817a7686d4fc,21,M,2005-10-06
63cb0ed0dc4094f5033289e131a9f68d53c0cf7978515c42d926250fca67ab6f,80,M,1946-01-13
37f4495456e0ee0e98baad5e80e5e47ab9980edc1c99c44b260546dd9fcf6184,85,M,1941-06-09
18e8016efc61179f43d51b89dacd01352771060d70d8ddf3925dfab46f30e99c,75,F,1951-02-14
37da4fd7d4af3d035404e86edd2c75f8269beec0edee268b9c1d55fae9c9c2d8,36,F,1990-04-23
f2117e92ff82b3add057fe8463c4906fff345c1a73eb3dc49dd89347acf886fb,19,M,2007-09-23
88d82910bebbc3eed24348718a2a22c9f1854131f6964c12d3686fc411225218,20,F,2006-12-05
7bab6f93156d85461f8d693ddb9e7f46e939d6143cda07f146cd253ee4acccf0,57,M,1969-07-13
d925d47d062494f98af52080c0fc55db4d26e411b53149fc422d9da946ba6ec6,18,M,2008-05-28
b0204798f1b68a84e4eeaea1143ae4839db5f1c87c8ac2818fe6a85d35fb7cef,47,F,1979-03-09
2adc9149d1a9f485501112fddabd6ede3a9de7570e9413bb7a98cc5a7dbae745,49,M,1977-07-20
682fec357a8828f1520187a377850727897e28f70cf4b2f0a1369198e92997e0,14,F,2012-11-21
b90a43c661dfa4dabba5e37f996eb25285ca7475b7223c72636baecc78da3db0,15,M,2011-03-16
91902d6625b8f7babd1cb33b2d0de32ed30adb9eb784d44b116639ddbf6fbec4,31,F,1995-07-22
1ab20b0303daf21ff66b01c917cafa3271a8fa3a8ff8fa1b7fb671f4b2ea3417,1,F,2025-07-13
cd42939e61157a60d3e5bdf2db55645b9480615a4fdf75984a5b6637caa43414,54,F,1972-12-27
6fdd23c0033b516153e243f9e7b0b9824480cbfe9a00a2804cdc9f0bfd189bfa,3,M,2023-12-09
a6bcdea763cbc8b108d9ee33c7e2be0f25c19d1cb3eeee86b550eaa7d93d8257,16,M,2010-07-13
d20a2dab3f18a252c8420661d6ae86cf4adf5c9c74f0a68d3f39fc18b6fba387,87,F,1939-10-11
4ffac6b7b39f14b393c4db5306f500ab8d867727b84403573b02af6be083e3e0,57,F,1969-10-27
b8604b59a1c57aad8f12959cb93ae13e4949f45c0d73d5e5bc640cf1675308f7,75,M,1951-12-26
f38c7306bbb08f177edb5cadd34dd749be99032b8699b096393b0e7ad0d720cd,12,M,2014-07-16
348a4f9e3492d91abad488882d25436c00260b2412bbb5faea0b49e4ca1f6d28,74,M,1952-02-19
4d613ff50a1d5f680eba9c7075aeb3f6aabfb1f350f5a9cc4091d3991c649921,16,F,2010-06-12
bf77d670d8df051de81b79e2a8b146684ee759e2699431c476bdadf3ee400597,72,M,1954-12-14
334fac017ff0cedac8812867dbb69cf3ff4896b4840db86d5d2c60b48c6c3607,76,M,1950-02-01
aceeb05f983503cd675f59818a72790b0bf80ba2102074adf5bb00f47008bea6,24,F,2002-03-02
0432e063f506c650a8bafbaf93f9e0bb470f2ed6d48693069bef53d4480b1311,28,M,1998-03-09
1c05aa574ac0c7991c603028d027d33a985074ee3bc74ba01da58190db3082ec,8,M,2018-06-21
ed9cc12ad0b1971e020ddecf1df4a1ebecf78048cb0d15a9160659a255fc69ef,36,M,1990-04-10
ca27d76e5f01d6e819be731b4ecf8322e0de4ab935f9738aaef6076ff28051a3,8,F,2018-10-02
88b6c1c3b9719e19523cda944e2451c2b37bed402b95877114698bf0bd9284b4,58,F,1968-12-12
f08bbc4418531616de1ba75ab25e1a6c90349a6359f7bcc7c47cbef5a55168dd,60,F,1966-03-05
943b51c78b33055556494155d4e1feb81099b4af5d81715a2c1031583b9d93a0,50,F,1976-06-10
36056c926b92fabe73c1150a66df88b61be44ddf01c7b99b19f89d3013347bab,28,F,1998-05-18
534595239749a7b41feb41edfefec334f57c535d6bd8101757e801399baf8104,41,F,1985-03-23
321099c385da11904609297fa32d6e14128d52a5b2dffaf841207f1938645205,64,F,1962-11-05
de5eb00b6be507a3529a84b9942898cb11445eec634de4504acc9b15ec0b9b18,27,M,1999-12-27
21769867b252b0d2ea0d73b116bbe4282e2aa9547178a9f312dd1b0726b48417,63,M,1963-08-15
de1abbee53e0684221669b1f44f105eee3a05c80f99dcd8ebee6cfd0a9eba3b6,17,F,2009-08-07
89bdda9859c28fea279ba591ab7e6e6a2a11ddca8c714ae9e7637923667e20b5,73,M,1953-01-26
678b46768b7ec73945743ffd28243ea7a9dc15a1aa76a96accb74e3043fb46df,33,M,1993-07-03
14f7d82a3db68a8520e0064072f4eb8fe975de382bfa601f235920c2b2e3f012,84,F,1942-07-16
eb195ff51c5e4c2d84d5f4f326c15de494bca21883d870b41a7a020acc3d01b6,77,M,1949-06-22
6454effb2d76bfc7ae7db254813bfbf688614b74955d132d4d4b19a64e6f2d6e,29,M,1997-11-19
d90c41fb0bb6764974393a4e27b96752e2ceb9d4ef1a1db6d925b955e4dd4936,13,M,2013-06-27
22ba643f99668c2104ce1e65809a68ae9a8703ae3b575c1edee9352be162a854,46,M,1980-06-04
6939dadcc90a744e6660b32ecc341ad210bffb60e2705d500e2ffa3acf18a07c,35,M,1991-02-03
7ff6703c385393eb2e385fd7e9e8a111c7925e1a9c9c02568ebcc7bb73c94b44,6,F,2020-11-10
d4b322fd46491bf25294c8ba6d210c9d64e34edf25d984115d62c400e512c37a,82,F,1944-06-26
cb85429c38fca570c5729e2aaa00a5de3fbf41eef28f5c7ca08fb0093316806d,69,F,1957-12-20
465affad611f1feb71446ef0a5d7148ce4d3279998008e0dca145b4de2291bfb,47,M,1979-11-13
ef3b90e87c58f60d33f959fe7315b85683f3a56cad987b7651bc658b3806848e,25,F,2001-03-11
ecdd521740e35db8e60ae75e7ed2d0772a9658fc9a755cfb5a67660665190012,66,M,1960-12-24
7beae73be32351ac577d07c8af2b79160bfa4af12260629372c60f16878139b5,10,M,2016-02-05
8fdb1c34e1db3d3ec9f3bcf36245c5d6185deb42bd1fa38ead960bfbb0595013,56,M,1970-04-13
aa35265c98f2a84ac49ed1935d82d03440f17e624ba31cbadff82ac26105b5e9,30,M,1996-05-01
3e2ceaf74d1ad34355f45763a5a1b2d0b7917904c37d2de0b5a612b976d55890,5,F,2021-10-01
c73a29c0d7b6fb3777e1335a4c7904a03194755f722ddcd50382434e7721da27,33,F,1993-05-09
f21ad19e955d44ec1d43987165ddb9bebf067856afd0b2ff3080c52f6766f9d9,65,M,1961-11-28
64316edd7e72c7fd0e6c6d0efa24ab29d728f6106c94ff9bfca3f4db72a227cc,18,F,2008-10-04
fecb4703855e9e4d6fcaebb094cc381e6d0a7e069082b03fa643e4924197bf78,49,M,1977-05-20
ede70c546f582e9014ac4f6f4871e870d22f9c99532dac14aec4c7a34bb55461,11,F,2015-03-25
0b7f87b6fe8e6b5501124782f198de8633c95a2c341fcf9ce1c660cab93819f7,85,F,1941-10-07
9783d500c9c15a4b065bcf139fddfb2c49e139c7961fedee6acca9e7765229d1,26,M,2000-08-16
09f7d6498b686486ed8ef40e5e4d46326fb533ba2fb86c094777afa34e041142,63,F,1963-01-21
2dce5e039143bb05f4c3ceb453e08a9d187d2ed459b64d202eedc54b97daa9a4,89,M,1937-07-24
4ab9eb6590e8b5558fb4d389da726d41565cd6a6c0b410112990dc9c0d555521,86,F,1940-11-04
449c50cf4553584773f1b7bb996f166877da5c240bfe3451f067a63ca32b6a69,59,M,1967-09-01
bdecafd8816a0f44afbaa7a302a1f69a66f5dd4fb37fe1463eae27bb929786cb,27,M,1999-06-25
bd7e09b77e3d97d48a844f8349eb0193d065abc7f9f032b8073dad1d1c38da76,49,F,1977-01-22
acd5eb51c167c1a1669693591fbb5e2d4bc0712c34f05f6d9eda91f8b0c2684d,77,F,1949-11-05
060689d18a1c8484e98ee6d109d30e5905671d74e2029625f5880d4190de7f90,33,M,1993-03-22
8610886a8451b90a7aa7a653314e73f15fce03862a657bc5a317d423961dc3ed,1,F,2025-06-09
3c15183e35b631f19535ea8c42b09409ddc6be33568edcf14a7ac8d41ab42f2b,21,F,2005-02-02
4b2296211e88f5854f5c654d970b7e7d9bd03a885aadd1ab3ce20aa3bbb7d6b4,55,M,1971-11-02
08d527b4b330f2ae8d0b2bf61fc9b7d7a1cb305359107e10830b971528e75481,6,M,2020-12-23
ae5e10d19d5904be81fabe76880f7723537432d5b6751ba665ed531eca8265ad,81,F,1945-02-06
d09b24ce335379f383d6dc25d4a9d3d47aeeb3fb7ff25f4ffe8131e43067d1b7,69,M,1957-07-11
153481062c1eef16b3c902b7adc88a12d0f98607856f8613b3e52d3fce86803d,5,M,2021-01-27
6446499f597d3e9e879648fe3c8081f3928f7f4c927de668e2f9ffdc8f134771,3,M,2023-09-09
4fae634a3731c4b1e0f68ba39ecc325989cd0eb289cb66438f9de4b2dc6ca9fe,53,F,1973-03-14
3f65313623a2d945b3e366b9c8f925c61ddf3a241be26f8ebd70ca9b8e4ca161,23,F,2003-11-22
6efb47886f74636ae2f81731108329dd371acb1240600afa41230b8a7e7179b3,53,M,1973-09-23
1290ec6e9ce0b44c364355330b91940c43ae39f15d9cee1945f9a05604d59ea1,37,F,1989-10-18
25578c274c7da9c4834c830da4dfebdb747344f1757c893015a9410a8e90b5a6,74,M,1952-12-07
f6f2573309235d3c40c4633965f4f4a1b4408c73b3eecf130d38f3a6f5fb40d0,74,F,1952-05-06
1f415e03956dd5082bcb0138350320145c681cb66e2a3c25db1330a5f0e8aabd,83,M,1943-05-19
18f4d801793ca1355dc0974870f06b6c98b2b8e40a188dbaf44b2d658a99f64c,17,M,2009-07-14
83fb553e52d81240ac7206811d6e737377c45958c2765c971fa721cbb1b5e75d,85,F,1941-09-19
6c8fbf71731af397ce54d3572a347cb7db39207539b2aa868cb66fa865280807,78,M,1948-06-20
63464e0c913db95d034a4e21dec2ecc24c3fbe6bc42df4428612cc40baf1c301,73,F,1953-03-08
52ed80292d4cf60a3dc2bbc887a62b385756dbf98a871144e03a70c8f42453d4,1,F,2025-02-08
1f8e56efbeffff53604ac85b581798470596cabd85707c79395c1fe40e511d85,51,M,1975-05-27
40679d1fe9225e537ae965c0c70d1602960a52029698faddb06c6258b03d2780,45,M,1981-08-16
7e9ccc1f24b195faf0021e527a9bc19ba61b3f8624c6fe95a0d5877bdabeba13,77,F,1949-01-10
dcdefa173b3cae8d8bf1f1ccab47b633faf7c3c40879ba6b7b94e165c9dac43d,4,M,2022-05-01
732e2f9ee5939cacffa1354b8021fc56e8b0d2b99418c779e1b43576ba2d9079,62,M,1964-08-23
ea07c773fc8f7a054decc0e83c95bfb361b17c6f0f91a2dc84d178643883f76f,65,M,1961-03-23
e828922ca0d1095777a28235238c4922bce43d08e0247b4013fc415d20602881,32,M,1994-04-25
35956815b404dc08f1764963d3853186baed927a8d17d02d85217692382e47bb,34,M,1992-11-27
5830f0e84f423820ee1b531f0f27f028000b7015148834c8d01b663112c654e3,72,F,1954-10-18
ede84d8736c50c6f03a165bdb8c6d22cf8cb25d9e282451aea6c38deb1b38a4d,39,F,1987-06-01
5bf71ae1dced497e7f2f15b384dfd6e75b0305275f4f66397a31d7f23e20033f,26,M,2000-09-10
b537893c0b45ae5f8217a84eed37ce5dabefef6d5d1309c03da8530bcefd310d,34,M,1992-03-07
693e85f0973584e14e715f25da903f5fa76c2271d304681bcf9fb9a144d9e110,54,M,1972-02-18
47ff07b55c04d0a24c860516a223ccb75f4b7af3b4141fed6aa7e83847156f81,3,F,2023-01-01
f8ad139b4aba1a0bdbef2d5783b087421c6fe852eb91a4d09ec3f9e4231f5041,50,M,1976-08-04
de23fb84499abb88c2dc5d96c341f6096f0ccfc6757d69d500cd94c3b88b3ac5,12,F,2014-10-02
7c998ad6c14643e2ef8b777e71ebe4787625a6dc7d484b5e237841995c7a53a3,65,F,1961-05-05
807ba798d54a8fa14e15272b833d3768aba2eb55dedc022c4f1934cfc87a93d5,54,F,1972-09-10
eb9a761227deb1de00a4452b1e84204ef6dedc21fbca06262c57e20d844063a6,5,M,2021-09-08
a940d4223ebed4f1e99c292f5286055643d43e1a1c9178f39cc0509d8657faa8,57,F,1969-10-13
2f1480f3a741d6d474aea08a187fae2baed2ac72abe1936c44470b07a7d4571f,17,M,2009-03-22
6121a726cf9ba52e2f65365828f0784d8fbb001f755f4c686f6ff36421376403,47,F,1979-12-27
b09c2aaad3cb07d08d0f673079780bb761d55cabcbe6c25f3ee9dd3160a5a8df,23,M,2003-03-13
60f871d6a4c7725edaa5013adfe5c8e248a870afe8828e9a310e25657830875e,79,F,1947-05-12
fa5071553a20785b6e51730f3e968cb8e1ff0a0052016fff930475c52db2adc7,85,M,1941-01-15
e3b98fcc7272849b040727e90bb57e65104399cd245afe8989cc2c5671425a9c,14,F,2012-03-09
63b5196e6086af7a3613819a1d46fd37657b3ba7d0475e79d8b01d14d849adf6,66,M,1960-10-11
a31a62a0e9757c448835483d65d426853329a37eb7f2d28aa9eb05080156445e,75,M,1951-08-04
29052ccec828dbd8d2dc54d657a1c7d58766f701f0cd42dccd20a910b1d76600,51,M,1975-06-11
5729740a68949b513197796412193fe064dbe29f66989efe5c9460ec6884af4c,38,M,1988-04-26
ea7bcacae2c502659e505929688f73d8ecbe4cf0b5e638688f1a1be6a76db285,64,F,1962-12-14
c14ef261dbe3c23180abe233a381d6adf1232e9e32b3beb8a4e46247e50ed33c,38,F,1988-06-08
0e808fad04b00bf6fbdbf468743239dbbb6c86cf7aac6f0afb0bba3a70d853e1,50,M,1976-11-16
fc67ae708c8618b887fbc4cfbdb25693d8997bb27911c9d99e7ae711d0ddc759,82,F,1944-06-11
886d499e45f6159d938dbc3e169d2311967ccb133c8a7178d89dcc9ca6dc1b4e,30,M,1996-05-25
bfe4bf53e95383a026e2bcfff5907811ffa7770ec9dd860b76085e0b2dd32f4a,79,M,1947-06-05
500964c3cec49a1f8082114d7f83c87c1a7ea34e1a876537c9a1aa3ced3540f8,51,F,1975-07-21
a0ed6e5942cbb0532f9c6954a87d990fc3d1295896f08b476cd1f0486ec345cf,63,M,1963-07-11
b30e9d95e2792bd8012713f6200525610243e50e98ccff34f90d659caacb3131,52,M,1974-09-28
bb629da2a1d6c8c0e03447b5e7465ab7fd62b92a09a412a3044a1fb059c896de,38,F,1988-02-12
0040c0bad1ef88654de37418e9198e70695ff76ee6941d4ac34e1ed9d478bc79,88,M,1938-03-04
10496b157b21cfca25298000d6ff8c1d04c1b907db0417c44be6b442ac6bd00d,79,M,1947-07-24
0209970ef57bf2d868068b32655d47f550d01fc9c499f829601f51eed38e2825,30,M,1996-06-26
5c851dc2c070a67314c5ddbbd61785f080fa117f14b0fbe38746da8351a06c25,51,M,1975-02-23
9bd9031485972c3748d749ea6b8954ca2493171f834dfe7364717ba89bdc2d15,81,F,1945-08-27
9239d07f02190ef44db3e5c79ac99afdb12ce727c39754d2eb33840cb05e5994,5,F,2021-12-06
eac767acc889599e2b2c4a0d986a9142131861712125cf58128fc3ceecbb3c60,29,F,1997-11-16
b30baf3e0a4fdf26663978d677b9b4ae2cd098e25b207bba93bce306e6c1267b,4,M,2022-11-14
16062fe1bf30957ceef112a11f53ac5d051285272113181627c1e517cfd97313,10,M,2016-05-17
f640bcccf327b42c5e203bbc12d43e2ef7434f7522439ff7dd9fd017fdbfbda9,56,F,1970-08-24
37ef5e07cd991a00edb308104950db148c43e2b174360a1c9e71bd4c261d999c,17,M,2009-06-05
5d366c45bc1e31814285823216a5de5a6de0de2f36f6572244f67758217f0a6e,74,M,1952-04-06
04bbbeba84d51c4c4c998eb88455c8005181683fec25eab6531cc73e4fe41451,17,M,2009-09-04
3b67e18aebe11d3fcb61ce8dbf6ca3840665364a785f33cf70e1acad8df7bdc3,84,M,1942-11-13
3429fafc690a635132f9e55b84e643e939a28d1e899cb56a7d397aa2cacff29d,88,F,1938-04-27
758af1e34290e9de2bb994b6a30df9dbd2e33e9ab761a940da417e117d345eeb,69,F,1957-07-10
64d7934a449ad9fc5f733b0a37c3e0333969d61f8ec44763f369695195e43b0a,34,F,1992-06-25
17b1fdb3383195c9fbfdf718032e80a7bceadf84712a17c29ebd900f895cf8a4,6,M,2020-03-26
04f6acbaafc7dd8e7b9465bbe76ccfc883b473bf655c64a67925f25d9cd6bfe6,53,F,1973-04-02
52d2e5d9cfe85f5650153fc6d5d767bfe4c30ed80f728d7235f41d4d91f7b50a,66,F,1960-08-18
cac751133be3241fc1f84a7fabad5d6b2cef07595ddd709bfb1e8da378d675e1,77,M,1949-01-06
a21b4bfc27b7cfcee339d7a1d93c8fd9f3e231d0c0977ce0c82628bb1c180060,43,M,1983-07-01
c56c4185f7c0b6a5c5bac17fb1b107802a63ca877bd4967b407395f79fd3c174,75,F,1951-08-03
14f2e2b925d8d70be607579cf28bda68fde238280f3f387e6fe349ed0aa6d01c,23,F,2003-02-12
327e283dbe43266b66986ea3bdcc28c62fd15dc57ff5dfc8e76399f7f981fbb8,55,F,1971-09-21
e6734477235dba2ea183beca73189897837da47c13549d8fe279fc01e50d11d8,80,F,1946-06-19
c82eca274eeac927d3e2f846e275781ae6a37912a3bb6af61717896f6255e664,75,M,1951-08-28
5697b0cd210dab766cceba8a9ac96182467e9cf2615527b6d8ec0db8cc94a0bc,16,F,2010-07-13
8754a1bad8ea85589ae3b984032a22b97b33f2c666b6f01ffde92044cb5fbb7e,8,F,2018-08-16
d53d433087a0b2aabd996fe4a66ab823b6515c66a6ce880dc108c3e0651ac9eb,4,M,2022-07-12
452d25db5069ba7adf5ce10a88f139da37e6889bab207a2f3a9ea023ec4fc1da,4,F,2022-01-20
b6707dc9763a1ef42289894b013067236035a1f1b78bcdbb542f7043079df3af,56,M,1970-08-06
560d969cc6be9f850545e1ba32c76809d32eea1d6cedfdef38fb94e885f21d81,25,M,2001-06-04
335567d97de26457499a42dd1b4deea4448bddcc8c60311b1a56b38a1ef05530,67,M,1959-02-07
dc2fce2afe4dc990c9561d0223d1ca515bff1eab390aadf08cea4521fbae7b25,67,F,1959-05-09
aac85404a75d0ebb542c2950a59a3427eaf6b6bdae1b879bda995ed816c20709,27,F,1999-06-19
91b45e69c9d40241464225f623c5f2cfaa6f8f3474e56a1047b48f60be46041f,32,M,1994-12-10
e6b9ed474beaec36a4a8c3f5c81d95cbcedce27480f03061e0ce77aa4c83b87f,50,F,1976-02-16
2f39619080c17d6bd2bf766477e44d4bddbce2a9d86187e0aa7cb8435a3e3fd6,61,F,1965-11-26
48411d83272848c3ddbd5e1eff5e658736e120a6fc664610be92ed3c792c2e92,51,M,1975-09-22
6c6714b9c7e0cccd153ac2ac2595faa380efdad561b2a780ae82469cfa17c55b,19,M,2007-03-14
99e080dec3eba2d3e31725e1ac1b4bef61c3bac47aa717e29e533e889df6ba28,21,F,2005-10-19
3b199b4ed262a02877397cc65263e91adc453e54cfa725f205a48b9739554c61,5,M,2021-07-14
300157648fad5d6b5022b8db564c771b4c2a664921cd1b16064d0e2e5e22db39,82,F,1944-01-03
f942a3b87796d3f50af546c34a3974a56abe065b56ea2552599d75a76506291f,42,F,1984-03-08
6df70e08acdf5011e6e4b080f0e7bbf05d2cdb72e632314a730af239ef6cf1d6,61,F,1965-12-07
75b5343a363e7169f1b02c984d5cb7963055b1895bb3ed6c3ac86b6459b9840e,22,F,2004-07-18
b4eb98c6bad254ea47748519327a05a10d78a18278f841adfc6ba291ed464b1a,21,M,2005-10-25
d4555caa6a341a2f3590063d39b260afbe29bf6866d68d257e841de626073c2b,70,M,1956-11-24
102125c119d55a21fb05a995a49f7133dc5ded5262c9b92356676d7c4a5526c0,1,M,2025-01-10
c48807017b31e971cff2bd49d93a60dcf6433da0ddcc0945e26c48ebfd54dfdc,5,M,2021-09-25
6af2848bc09d6a1af0affe9e0984454a11fb3706fdeb730e2a02b3e17c961084,12,F,2014-01-04
5f6517497e48e3c5ea5be96ba23874050ee5b55b13f8dac36a1861adada5d251,46,F,1980-01-05
b2f001077f80146f6789c203094e1946e8af4c1eccf3bac1e2513657b0ecfc6b,34,M,1992-04-19
9372174caf7899472213564e7e8784b360a1e4cffbc7b3708fc80f36df2487a9,49,F,1977-09-22
85a9477fd511e60b3d42603527758fcd608f6bd23ec825a5825b8114c541b0b0,78,F,1948-11-11
d599ed872679fc8e7943157ef7d8702d470b7da34c022f7a056e2ed22f5f43bc,45,F,1981-09-13
a596319a240859ff310fedac7a3ff412b2ac662fba3648abd400923e9e0226fd,27,M,1999-07-02
a4d851e08b86c0c48ada5efbdac75aa3f388504b076fac206a4fac388e1b9ad5,73,M,1953-01-05
1fe7261698752dbe7151f2347f2d1aa090ecb407675dadf6665bc6779a1d0a22,26,M,2000-07-20
5a8dfa9e6f352677a3421046b08b0768495f11ef1fd327c1e00ed909f6e77fcf,47,F,1979-07-20
152824635ed45fe6d39e03f9ca3c2ff1c0537a786c1e55cbdf12869b3bf43ba4,86,M,1940-08-06
6cf0211955eb809f210fe3cc88535d4d2919039d916a49615b631d10b26858a1,56,M,1970-11-01
d76fbfc738233db4832f2e931acdbfbb0ae0aaea5ae8e71e85a64efc52cc26af,63,M,1963-10-21
2b3eff89567dbd12d3e51b8bf287be7b5b2fafaf3a854d12c05df78315518aab,48,M,1978-12-07
de8f5767c2eb7e3bd8323299f8d7f329aec65e543bf9532d311d03056608686d,61,M,1965-09-21
ff7de3e63caf0d21538f6522838ce2f07b0ece53d3d3ad1f7ad889bcfdff5f0a,81,M,1945-12-18
3a8036f5c951928936e83f73ff8f8598586701e22b33130217a430e496b7348d,26,F,2000-03-28
7f947bfa3b2b50b605e20f757e40e85c9a49e23d73cec5cede1b55ff96a33093,36,F,1990-08-23
933e24a4f7a6ab27b82969cc34dceb8d85b7d78ee0f85f62b1635ad592c8f848,1,M,2025-03-17
c513ce1a9f3eb67a4ada750c9f3f3dc9de11324d59bc4f72d6ebd8d6328a5e22,8,M,2018-12-26
d453802fe85bde438317d2573b3bdc83d8c9f1ce30b00594f4488ece44810a75,52,F,1974-06-24
5f5a21d2a8b7972b4a9c70ec8731d1cc4155d6051e855be5c89977138396510e,79,F,1947-09-16
58cee2edfcf7f7a5f14327ada0e5b5ae65566d94ec9a11c64a6bbfde0b2afd6a,47,M,1979-06-16
39703d5ba7b65802429f129725d589035b3adc0add18515254d55d48d1d72cd4,56,M,1970-09-28
12315b014b8c87191c28fb3da3c030179a2e3dd15b010175b509165ca99441c3,86,M,1940-01-20
30428bcb8350cd8e02ca06037d126e75b95d9a3331a7d95aa1675ad106408f77,14,M,2012-08-04
fd99448617469cbd8e33fe61cf5945ed433ce0b0c31dfae3baa00a8e52a6b896,28,F,1998-10-16
2821f6cf04a9e76de90c835074b7ebe9fd9317cec58ef8923d867efc2649f27c,87,M,1939-08-21
d48b4eb770c309d1945f386650d85c61f938db17a3a4efec50c93e4dd1b160e1,78,M,1948-11-15
40a85c26b9b3465daebe104a97e6946dd50504af139541bbe772e8bef676cf76,88,M,1938-06-21
dcd590f2f6b9075979f2b062fc472262e7e9af73f86a4ffb8b7547ac437c0e1e,2,M,2024-04-19
fff19b2eb890c8ecb08337b7ea7654ba35fee401da97cd2da6a26ad16ac7b4fa,26,F,2000-04-09
f8c754381610dac8c08a4d86fcb5a2dd8fa2d1add1dea1dbbfbe5f87373503a8,14,F,2012-07-02
b9321e2bdef7ef53c3be4638b68538e99419d9b6e3587cfff31c5e62ee57258d,59,F,1967-07-11
764e1ea5f2c5c98b089c0e32cdecaafc250e87aeb6be8329c60997ea5288b85b,56,M,1970-08-02
7d2224c7945ef2fd54cf8d1ee5b9c66a279de33cbd7172492ba41a61d4ae9586,7,M,2019-05-04
4f5a316fba0e4be6f11454d81c1a1e0f21f1de06315d9c564f7b47c7a6f01f59,3,F,2023-04-11
3639f46bb2527cea22c80271e9658bde9b9463cb2beecb839b1b73b42b769086,23,M,2003-04-15
7587ab68d4632b9c9c21b5d7b8bcce0fc9b1af8662844b66c12962038d4f352f,18,M,2008-01-17
38dbf1b6b500e0260b75dd3876e91a33558386fa361925dd01ec9f8eae12b2a9,38,F,1988-02-18
16936a0dbec33bb43c6dd843a1f054ca0a2f19c3d47ebefd43aeab9dc40d33d1,15,F,2011-11-11
7a967c93c30793109897471a54a74bffe00bfbc08ebdb5e0281bcf1b7d320c28,64,F,1962-01-01
0c1c18329111526a731881dfc910af8a01bfcad4c66c10564c33fd6038bfe1c1,89,F,1937-04-25
98585c306d9b3a4a3c2e23aa2d4999a9bc1a20c3e609c8f8df4b197fe20fb5c4,28,M,1998-04-22
b47c3021a3fde1a4e64343cbc2ac5fcd944484c739a57f6883c318b9519ffa38,74,M,1952-08-28
35cf4ca96e7570d9f8e07feffb93b5bdc4314c13fd57c15d111c9a9d47efc991,39,F,1987-12-17
80e97f3d3f4c81282bf3d85cce53f912ea9f791beeb11a95eff80f4ecb521ca8,57,M,1969-08-09
9f9d8b7950589c243daf9a381766d7a2d05ad6d9bd4311e98a726e6fcc23f0dd,17,F,2009-04-23
8487ba5efcf920107dd6c1ff6722d68a7d26f93ab5b805e25ec8acde8490ce9f,86,F,1940-12-26
79eae7a4f66f3a16b95ff1885187fd60236947f40a839eedf4b3aa5d48e02085,44,M,1982-06-01
aac49eac54ee1e78ebfca3fba08c00c2dd17707149536271a2003b5b4339d183,25,F,2001-04-03
eed8d29d64d1736d9e722f19e7985231af3c676022b392c0dabbed0f2819e15f,17,M,2009-03-11
bd24bdd26831ec5198e5c565283b27fdc276602ebbd31836c9876e0e532a1a7e,13,M,2013-12-04
8666c0b5e61c77b3690c568e3036411822a2f34010d2503676df185dd4e717e4,84,M,1942-05-25
6f6a5f2af87159088496510662a6707df0e0cc4a0103d79213268d53b3458462,25,M,2001-03-13
6fe50debeb6fc0f91e34d5557eab398b0fce6b1e6c9abb3620a7edc254906246,68,F,1958-08-04
dfcb12deddfb4cb2a01f1a4d554bcd7b7b799e55553842a8b554671f0644a193,10,M,2016-07-21
ad54812ce527e8222fa725d3884e1e35cb5e850af0e927233e0de812bacd7b0b,67,F,1959-02-28
16e2f3ff4b880a574df6341194707186b0c29f1086ca63035c60cdf36e55b09e,18,F,2008-09-02
ffc825448949f9e1f379b3b5b13dba7cf41d7c14d8c7caf2edb9a45e4e702eef,86,F,1940-07-28
d597263560377593fb403add4dbb8ac128560fd012f43aad48de97326d779262,34,F,1992-05-23
bf03ba4477924ce0a5e983ce12e73d18eaffd13b1dc487d5dfee3a68b067328f,8,M,2018-11-14
506a883a7134986b56856eebae559d432386d9fb46d1ac3ab42aaf613a0c3787,40,M,1986-11-09
6ad88c63f595d33447f67dbf5bc0a5c93f59d9d08229892c97970de54c0af742,83,F,1943-12-20
49dea0015edfe48d7d19e72a069fac682c467ef2b9ba75b0e50835881edb68d1,42,F,1984-04-17
fee092e0eddfce33bbd0aea4cf5f8b8e18ba727e846816fd85389251cca8d3f7,41,M,1985-11-09
2a933b3bff113d34d5a5fd25f0b55ab47202deb2fca15c001e97749561f91726,6,F,2020-02-04
a68a10b800e5580832714f34d4d52a3319d2a5fad633c556e3ba42a5d0fcf5b5,52,M,1974-11-01
cf69d72092f3bf556c1162a7f9f90b4092606d83be9faf17bd386a92edb6a8ce,26,F,2000-08-26
877cbf21c2ff938fc47e673587de9f2958de29516caada87090d6eeace342c4d,64,M,1962-06-20
fd92f72802fbd03340348d88fa65a9c74720cf0a50fc19276debadbf08d9acdc,59,F,1967-06-11
b8d9af9ba69c7e99d0b77d36bae1cefa5f2ae0029cb49e01603163f32cfef296,56,F,1970-09-06
f3b94613665f9d6f2ccde8e2c059910440aef4b83535a5e010352664e652987c,59,M,1967-02-28
3d1b8d936a59e827768f1fd68d7d36c9f2c15ee6710a1e4455ee828856dd2bb7,70,F,1956-04-15
30b09b0e0c0e6d44a9308797ee9e624372f2a5e8a55c12a5b3a111c02df3b7a8,33,F,1993-03-28
71da4600d7e2b4f3631b164a665ae2d11598aee2f8c4f57fc4ec083fe5042362,53,M,1973-02-23
0cba6e93454915ada7072e5fe97cc9667a8cb6a9781738fc11619d65b738fe9b,22,F,2004-12-12
50d548bba2b9652b7d2de1220a13958b3568717c0dc57b686cc949257938478d,21,M,2005-09-15
1eb8355e46813f3c4077f2c412639b47d11f1b188ac74019c6b8260be828e2f5,70,M,1956-12-25
8bc84032d5f00e121a3ad19349d02a499cde11a6678f1ebe095844bdf93add9b,70,F,1956-03-27
23e6b6b92e9ea47aabf9d5db33ce197a3b4177cae1cd333300bfb340b72c2ce8,4,F,2022-06-06
00aa6a06ae46867363a1efbf82d2940a8be131e39d2dff6e01f0533adaf3ac2b,75,F,1951-06-15
e415b30cfa713a229d7a91b54fed363510b227adfc79fc5451ce28a0c0e8b24f,62,F,1964-07-10
06954aa35c273780621ee767acb69bf595717937e4da0bb292fb4df1e08715cb,62,F,1964-10-06
4daa6fb86680ee31639b11512292474bbe49709bdd9fe7b88407b66e7667d11a,24,F,2002-10-17
279b8bcf5dc2270dfb9c59c4f76564eab90ea31364733c3a8e8ef9dec40ba5a5,55,F,1971-06-08
7b288eafb41263ccf7516ee437a96d29a02b5799bed9df1a356e9dde0b01bf15,9,M,2017-09-19
9c1dce43bc5075aa7ce762b76c6c7f83cf345223f2be91d0ee8667c73c98d0d7,3,F,2023-02-16
0e24dd1ba8c30a3450b68a443ad4604501bae1bf523cec0d34fc94fbf5d2d4fe,31,M,1995-02-10
e60b4de9bea19518f7a8b0864528a25351b68d306a0d68d973a97b10bb40da6f,40,F,1986-12-17
c28cd9795124f749b10bcdfabc9d35252e04cad2fe9066e702b03dbf90720e5c,36,F,1990-10-21
de24033ceee08d069dfeaf1c0a239b7d161e2bcda0078971185abc88dd8b8761,24,M,2002-01-05
55719c852bdfd045c9a724eaac878a9d9bce6ae8b0ab2d603a222343f2a5c083,6,F,2020-04-27
90395cf0a969344b56786d995bd89378a0b7ee5de79c9f715fdf39d4d437b847,66,F,1960-03-18
f381e7ff0f260ffa9859e62b92a47899f6bf6fdeff08b2a72a395f77fac0d81c,84,M,1942-02-18
3de3cd0cf2bafd0d964ec100af53c18d3bc339c5baac8f0bf593b86d7f3177bf,75,F,1951-06-28
ff9d3e76a5fa43edad2c1ddb4db868c055e7700b529942609818662c54719378,4,F,2022-06-22
89526557d7179a01beea7a742c148ef50d54819a06e33088d625964cce8a37b2,79,F,1947-11-03
a96e8987153a7d6467e157d7ce0a0d4f9833e8c3a1a37fe254fa870de33e8dff,6,M,2020-07-25
2757198a488430835c3a20bea26c5c54f06fb7789e712cad112dec408b1001e8,51,F,1975-12-08
d2ccc33e4ba344605b1732188802d3f420fecdef1f133c1607aaa8fbc8c75092,62,F,1964-03-12
e90c50a173bbe1d3754c8ad13ae058368923d38b8505e5eec883cb3cd3fedc3c,57,F,1969-07-14
decf8c602d0acac4a7a857247c82ac4f1e9c580f1d786039fed3342c286ae18f,66,F,1960-10-14
641304b8c9dd6c9847a6f5ab8866dd87454f4480668d69b5de69899270083a91,79,M,1947-11-06
76b393ca0e53a9cfa07d32d2f8d2155a21a7d5f8f830d139707d466418ef5747,75,M,1951-10-17
3c3093c54a275b693ff7fedddbe0d8b268ab083280746400811b63ab417710fa,8,F,2018-05-27
311a7dbd9eb071bd9fb554adbcb33a816c740a89517ffe808914d1bb5a09dd3d,26,F,2000-03-14
866f7dc4a0be21ef91a0355de5524b7f692e78a3d1b3917a994793d6c43bde82,51,M,1975-08-13
ca1d2197a6bea9f8b57a85ebd380a77c4cffca0b2892c5ca0810498a09776a2b,45,M,1981-06-03
5ea631c2a837e8d0130ef3e33d2b2b8dc2c8d6c2c8a88c8db0d41cdb9eb15c59,44,F,1982-08-01
76db5aea3b6b233584db9dd4995a4542ba51f2895ab5d5ecd30afbc2ed431c79,5,M,2021-12-10
2ef8603b9ef844250dc5d7cbbbd9ec1c59acc800f2d6f028cca961cea169fc19,70,F,1956-01-10
a18128cc19a42bf3cbd18839bff62eaf1bcec9136b592ec19a896e685b53ccfd,26,M,2000-06-24
542579a12f98d4d75b7755f135252f83df2d5bfd157d3d06691c3cfd40932b9f,68,M,1958-02-06
868c6886af818783b8f6c92e1f362b761aa8fad3f2eff9b03952865923d67b17,19,M,2007-11-28
9e1d441aa5082d5fa323493bcb16355a9fc117a1e1f5bb813c63b108f06f998e,84,M,1942-01-23
b24f4a321d59a21a42fc8359571f10431f3586b33857c5859f94d92f5b2775f2,20,F,2006-03-17
bb4760df3b7f118f231ba7c9978bbea5fef19b8e40e07d838f89a1d3ff636b4f,12,M,2014-03-13
da346efed026872684e68f4c2c6ce7574bb5f87decaef131759379df646379eb,47,M,1979-03-03
42367699a43f8c5519bae3ce37e5162c2487adbb4254264b3ce586fb6663d104,1,F,2025-11-03
c2743e69a27840d486efa3aa49c4c2b55b0f51c1277fea5b833e052fa66b32db,14,M,2012-10-06
9faa5281edd4f753bfc9ea00a72260c9c2f26292d00bea8addc84e6b8ab8241e,64,M,1962-07-16
5cd4ebccf4c4f614278dd2a1554088b879a5143a76a2135845ac2c9863b1a465,38,F,1988-12-16
4feec3fc2b6113c94e8b8d854a6d0aafe7b557fe5e231425365590134b752789,37,M,1989-08-26
a8d7a73208dda1324f05b1f929b19b4abb0d51f61a8ac2e4fda7f021a3002a73,11,F,2015-05-11
84c86e5025009a8ddd0a56f86d5ae6cf428df9b29f24555f7d534a5fe68e5e45,77,F,1949-11-16
29d5c30c9fb615f0ce882a22fe8d478014911479469cfe8efdc6f4153c4da02b,3,F,2023-08-01
bc5bab79e7ba1df1290bcf11fa1c46dd95fb3c8085f1ca47e2388c0b2102741d,33,F,1993-04-26
9bf3f101012661b1a7d19566310aa0ddd1709c87fcee54588876d54e3717c84d,6,M,2020-06-16
1ed85af9df5989f1e32bcebe68c1e8f93fced7ea9dc94f348fe2c4f7dd93acef,50,F,1976-07-23
b1c6993430620ee94c748a63ffa22b2251e4cf10c5d9870ce5ab7ffc37918b7d,10,M,2016-09-06
a1bed5bed723f75b6b6aad8149a8ddbfe11b77ecfb570e0f78fe17fda8650877,5,M,2021-06-01
f678be03931724d1dc961ee6867724f5cf2ed44785d049681bce5310443d05f4,23,M,2003-06-20
473a289014471e4537d535523e80a88202101626da4e3453529afb117607954a,10,M,2016-09-06
096c23e31c806281f1f32020c0418a02646231cb3570aef7fdbdd0a8a7b35195,44,M,1982-11-27
b025d78f0603d96800ab37c705f0f4546248a60a6e09d526680fdfb6177cbf3f,2,M,2024-05-16
4832ced0a54904db67260c33ef1d337ed0f397a940bc0452f36037cc4df40451,13,M,2013-10-12
fbf1e3a4c64b7ea1c2be83940adafaca586c90d57becbc816e0e80e51fb556e8,40,M,1986-04-25
710ce26c272b55b8c8c8b9865835a77112dbd1d3ed3f3744d0509cdcb13a234c,2,M,2024-04-06
e4cd2d9d4f2e767ad0ed044d991b55351e83baf2e01ba2c0dae579a32fd623c1,84,M,1942-10-27
effdf56bef98a25d4deb907124eca136640d47c2482435238ca91213cc8dce5a,65,F,1961-10-25
28cc31752ac33c04e69419985042eda30e8f25ecbf7a27e537d1463d4130fd39,63,F,1963-05-01
fa84dcbcfeb2e750831d6dfca946e0407eb009bad59bc79324986d45a3d1cab3,73,F,1953-11-01
931e6033f89b7dfea2edc764b3b5ce4e63758025182be151a61c8330462e500f,17,M,2009-12-08
a9d8667fc168255b7bf860661e703881fb27f3b9b4fdf44a28a8e26ef2cb987d,9,F,2017-07-27
507ad3879ada82a848cf4651acbb02c9684d67553a3789602ccdc9b9327751f4,75,F,1951-04-23
21fc5023c987d2d64caa0696ec57927b41ae766191b0540d0cd914b07731f826,15,F,2011-08-27
6fddfad9112192f4534398dd155ded92d058a16664394421819a726f2eaee056,24,M,2002-06-25
e56868ce28dd8ebf3b8843f3fb44496453a6fe84c50b1f432f546109cc24fd67,38,M,1988-08-25
9b0649295a9d5b1c4754b4fdd2bf84d79d8dd79f22fe9ffa52cdfe467459696c,35,M,1991-07-04
68bf2cd90e2a10e0791e2848cae98603e0c0394411f0d687749bf401a85c76ae,49,M,1977-09-13
709d834cbb488da207f074fd14a0829f183f65dfbad3de74009dc1fb1cb6e27d,69,F,1957-03-03
ffd6f78fb46d8d6e60b3fa2bd8dd08ad958cb01f77ab966713fc40fe198197ca,62,F,1964-03-27
aebbe52682b872b443fc15c3582d844e66e5a8845a8803b98b573fddf41b68c5,60,F,1966-05-14
6add9abe86094f1cd908a9b89904755c44261c795ed4997cc25f588e8c5a6c62,50,F,1976-09-25
4323e19cbf47435c70ccf4c4d732e8f5eac0625ffa4e945df7bbf6340a596847,78,M,1948-02-03
e131baab4a508fe33238f5613454da52b571dc323679b2f7fcbf41c49f773aad,75,M,1951-07-04
e3ccca706a3bae78ff10929e168b39371efb949fa41f0a3415f6d9e559930c34,9,M,2017-05-19
32096b675643db38e974456136511185710a34cfa20eecedd1b8f030a7765c71,34,F,1992-08-16
4edb28d8e0bd61d0be4754b900c2f107b3d38a948468b631d54aa2f82f99cda8,76,M,1950-02-06
39c3cbc5416198420170051b25aa5155da83d6efbaa409d876252f66ec7100e6,35,M,1991-07-16
b0b616ed6e00345bb56979fbf6d24624db23005b98671da7ac4eaa097aa7ed12,1,F,2025-02-01
c88610742e04a5e1bef073f1da298baefa40b9a75384a5462be9eb22339822dc,40,F,1986-02-18
0f7c45b514762ec16a1acebfc6ec1ce36415f27ee1e2fef0e93e0af233612c5a,64,M,1962-10-17
77ee57c28e9dd77f48ad9c86749aab3ecff39ba5a9a5ff820925254bf72576db,22,M,2004-07-18
1bf5826060cdd76ba799eee12737a900cfa1cf0e2ff911aa3b3c513141234cfc,60,M,1966-04-27
c2214ee40b43b4b3548d647dba7d76146041eb8cf858351aa650f25b65fc67e5,64,M,1962-08-20
7cd39a36426f7cda24e99b933e0946b7cd1cd28855cbf360a76fecdf1d17c9c3,72,M,1954-09-03
3b05d9a116f6030634de8c9fe5da5f0f77e9d476700064feaa021ebeb5964175,11,M,2015-08-13
c552c5bda53cb179e9ae84149958b7b03f7e7caf038541daef0717458a05b07e,14,F,2012-10-17
60cf5a31b9f345d4b87275ca61dd53e6517ba8c67fcfe8c2872e48e5f7152525,60,F,1966-07-22
495468ccaa8bce399f9e99723596392e81fbc1fe96cc041e0e5f1a2895cf1c47,30,F,1996-12-24
f1bb55d09dc8a5653885655dfe85a9e28174b8d10ea3416e9b1c917bb2b8c3be,35,M,1991-05-17
008c0095fecab8f3c61f0d549a05f20b5c5ca6ea4a0b51061f361a2a5a85f0ce,85,F,1941-03-04
c447e6a3f4a42073ec337be423399b882aa41c462d16d0b016fe56c61665f008,37,M,1989-01-01
b5396ddc3eb47b43a5a1fda09746d0b7acf4d9d811e1f444e4ded617109bc282,5,M,2021-08-04
ebc733356020d55ed7cb7fa05b6457ce6b8638235e3557c33bf9bb05a75ab5a2,83,F,1943-07-19
d7fb4db26a59a886aaa89590d56b75406541048aa5c1e83c2f0bd1aa79127529,78,M,1948-09-25
038c5bb3db2c8f8221b2e49224f6dcc66ae57662a0d81eb3d1a62001bf6d8623,26,M,2000-04-12
6657cdec29168b2da3e78289b0af60c8920accedba8d8a47ab8d9865e3801190,62,F,1964-07-20
9dfc8110ab0aef3adb8ced075a4f00975af734fe16cf8554a05b32a7fb2a0174,4,F,2022-07-24
2abb59b7621abaa964ab59171122e5ca6f54b3b6b9be156d3832683ddd1044e0,89,F,1937-09-09
7e605c2b94df0bd196989041d4aa94be12192955faeb6a52c184f3ebac3aef90,42,M,1984-10-02
009976a7f396c532d0cdae4060458bce5d8646bf32ab6b71c67f8618a626e1c3,89,F,1937-03-18
1b03d69efd4c96310611d4d0c33064f30b77f9fce3f9dfb55e24566720a6bee1,18,F,2008-08-06
e13bcc04215322b84c5a8bd9d64a1e9057169d661a3d0c0b48adefb0fce06114,40,M,1986-09-24
b67170d5152dfe731ae81b88f4a6f661bbe291db43d6f4b506e90d45f1c241bb,72,F,1954-01-07
414541e0491b35df59f11c7c15ec7361804eaa3e1a2829064ba1eb16238974e2,39,F,1987-04-14
9426a36d00faf150c42caaccd30079799efe83e727282507aa4a2a1e228e688e,14,F,2012-12-15
